{"stroke":[{"d":"M99.23,93.12 L86.32,95.16 Q83.60,95.67 75.87,96.26 Q68.14,96.86 66.27,96.69 Q62.36,96.69 58.45,95.75 Q54.54,94.82 52.08,92.10 Q49.62,89.38 50.64,87.68 Q51.15,86.83 54.38,86.32 L63.04,85.47 L101.78,79.69 L120.30,76.13 L133.90,73.07 Q134.24,73.07 139.08,71.54 Q143.92,70.01 147.15,69.84 Q151.74,69.84 156.92,71.96 Q162.11,74.09 163.46,75.36 Q164.82,76.63 165.08,77.74 Q165.33,78.84 164.48,80.03 Q163.13,81.90 156.16,83.86 Q149.19,85.81 148.51,85.81 L117.08,91.25 L99.23,93.12","track":[[61.681640625,93.45703125],[156.837890625,73.576171875]],"r":23.30357142857143},{"d":"M92.27,130.84 L99.23,93.12 L101.78,79.69 L103.31,64.06 Q103.99,55.73 103.91,52.34 Q103.82,48.94 103.14,44.35 Q102.46,39.76 101.10,36.62 Q99.74,33.47 99.57,31.95 Q99.40,30.42 100.85,28.97 Q102.29,27.53 105.86,27.70 Q108.07,28.04 112.15,29.40 Q116.23,30.76 120.98,32.79 Q125.74,34.83 128.29,37.72 Q130.84,40.61 130.92,42.57 Q131.01,44.52 129.82,47.24 L126.76,53.53 L124.21,60.49 Q122.34,65.42 122.17,66.61 L120.30,76.13 L117.08,91.25 L108.07,128.12 Q95.07,142.22 92.27,130.84","track":[[112.1484375,29.90625],[102.97265625,123.36328125]],"r":23.30357142857143},{"d":"M75.28,203.40 Q74.43,207.47 72.98,209.77 Q71.54,212.06 69.50,212.15 Q67.46,212.23 65.59,210.36 Q63.72,208.49 62.87,203.06 L55.05,154.63 Q54.71,152.76 52.85,148.17 Q50.98,143.58 49.79,141.88 L46.05,137.30 Q44.69,134.75 45.54,132.88 Q46.39,131.01 51.66,131.01 Q55.56,131.18 59.81,132.37 L67.46,134.75 L70.01,143.92 L72.05,165.67 L73.07,173.49 L75.28,195.58 L75.28,203.40","track":[[58.79296875,133.55859375],[70.6875,208.32421875]],"r":23.30357142857143},{"d":"M67.46,134.75 Q77.14,133.73 79.01,133.22 L92.27,130.84 L108.07,128.12 Q112.49,126.76 114.87,126.08 L124.21,124.21 Q126.93,123.53 131.94,121.75 Q136.96,119.96 139.34,119.63 Q142.22,119.46 145.79,120.47 Q149.36,121.49 154.97,124.72 Q160.58,127.95 163.21,130.50 Q165.84,133.05 165.67,135.43 Q165.50,136.79 162.87,140.10 Q160.24,143.41 158.20,148.09 Q156.16,152.76 155.14,156.84 L144.94,192.86 Q142.90,199.66 140.53,202.21 Q138.15,204.76 134.41,204.76 Q132.71,204.93 131.52,204.33 Q130.33,203.74 130.16,203.06 L127.95,198.64 L129.65,189.97 L135.09,163.29 L135.43,161.09 L137.30,146.13 Q137.98,140.70 137.81,138.83 Q137.64,136.96 135.51,135.43 Q133.39,133.90 129.31,133.90 Q127.27,134.07 116.74,135.43 L100.93,137.30 L88.87,139.85 L70.01,143.92 Q55.99,137.64 67.46,134.75","track":[[69.158203125,139.845703125],[141.03515625,115.037109375],[160.06640625,135.9375],[135.9375,200.5078125]],"r":23.30357142857143},{"d":"M72.05,165.67 Q81.05,164.31 88.27,163.04 Q95.50,161.77 104.59,159.13 Q113.68,156.50 117.25,156.33 Q123.02,156.16 126.76,157.69 L135.43,161.09 L135.09,163.29 Q129.14,164.99 125.40,165.93 Q121.66,166.86 110.87,168.82 Q100.08,170.77 92.35,172.39 Q84.62,174.00 82.75,173.83 L73.07,173.49 Q68.31,167.88 72.05,165.67","track":[[73.576171875,168.22265625],[128.4609375,160.74609375]],"r":23.30357142857143},{"d":"M91.25,203.23 Q87.00,203.74 83.60,204.25 Q80.20,204.76 79.69,204.42 L75.28,203.40 Q72.73,199.49 75.28,195.58 L103.31,190.65 Q105.86,190.31 112.06,188.78 Q118.27,187.25 120.30,187.25 Q123.19,187.42 125.06,188.10 L129.65,189.97 Q133.05,196.00 127.95,198.64 L103.82,201.53 L91.25,203.23","track":[[76.974609375,199.318359375],[129.650390625,191.33203125]],"r":23.30357142857143},{"d":"M113.85,227.70 L135.60,223.45 Q143.75,221.92 149.70,222.17 Q155.65,222.43 158.54,223.62 Q161.43,224.81 164.91,228.12 Q168.39,231.43 167.20,233.64 Q166.35,234.83 162.79,235.77 Q159.22,236.70 149.70,237.04 Q140.19,237.38 131.52,239.08 L113.34,242.65 L97.54,245.20 L65.08,252.50 Q60.15,253.69 51.91,256.16 Q43.67,258.62 39.93,258.45 Q35.34,258.45 30.50,256.50 Q25.66,254.54 21.75,251.82 Q17.84,249.11 17.25,247.32 Q16.65,245.54 16.99,244.52 Q17.33,243.33 20.65,242.82 Q23.96,242.31 32.20,241.71 Q40.44,241.12 47.58,239.76 L97.37,230.75 L113.85,227.70","track":[[29.90625,252.50390625],[152.25,226.505859375]],"r":23.30357142857143},{"d":"M97.37,230.75 Q96.69,217.50 95.50,214.61 L91.25,203.23 Q91.59,195.58 103.82,201.53 Q110.45,204.08 112.40,205.78 Q114.36,207.47 114.70,208.32 Q115.04,209.17 115.21,210.53 L114.19,218.69 L113.85,227.70 L113.34,242.65 L111.98,275.95 Q111.30,291.59 110.45,298.13 Q109.60,304.67 108.07,310.45 Q106.54,316.22 104.25,318.52 Q101.95,320.81 100.25,320.64 Q98.72,320.64 97.37,319.11 Q96.01,317.58 94.22,313.76 Q92.44,309.94 90.99,303.91 Q89.55,297.87 89.72,294.81 Q89.72,292.27 92.86,283.00 Q96.01,273.74 96.35,267.63 L97.54,245.20 L97.37,230.75","track":[[101.2734375,203.90625],[101.953125,316.0546875]],"r":23.30357142857143},{"d":"M201.87,120.98 Q199.15,124.89 196.00,129.31 Q192.86,133.73 187.59,139.42 Q182.33,145.11 179.10,148.00 L173.32,153.10 Q170.77,155.48 169.16,154.03 Q167.54,152.59 169.92,148.85 L173.32,143.58 Q174.17,142.05 176.55,137.30 L187.25,116.40 Q190.82,108.92 196.68,93.20 Q202.55,77.48 205.01,70.09 Q207.47,62.70 208.66,56.75 L210.19,48.26 Q211.04,43.67 211.13,40.27 Q211.21,36.87 212.06,35.60 Q212.91,34.32 214.95,33.98 Q215.97,33.98 218.77,34.92 Q221.58,35.85 224.47,37.55 Q227.36,39.25 231.60,42.40 Q235.85,45.54 238.32,48.85 Q240.78,52.17 240.10,54.71 Q239.59,56.07 235.85,59.56 Q232.11,63.04 230.16,66.44 Q228.21,69.84 223.11,79.86 L206.29,113.00 L201.87,120.98","track":[[224.296875,41.291015625],[201.017578125,107.05078125],[175.01953125,147.83203125]],"r":23.30357142857143},{"d":"M206.29,113.00 L248.60,100.25 Q255.05,98.38 261.00,96.01 Q266.95,93.63 269.67,93.29 Q272.38,93.12 277.99,94.22 Q283.60,95.33 288.19,96.69 Q292.78,98.04 294.39,100.08 Q296.00,102.12 295.83,103.48 Q295.66,104.50 294.98,105.27 Q294.30,106.03 292.78,106.54 Q291.25,107.05 286.40,107.56 Q281.56,108.07 270.35,110.28 L258.45,112.66 L223.96,120.98 Q216.82,122.68 213.51,122.94 Q210.19,123.19 207.98,122.51 L201.87,120.98 Q195.58,115.29 206.29,113.00","track":[[211.212890625,119.455078125],[282.580078125,96.85546875]],"r":23.30357142857143},{"d":"M310.45,242.65 L313.34,230.41 Q313.85,228.21 315.46,227.87 Q317.07,227.53 317.58,230.24 L318.94,240.78 Q319.62,246.39 320.39,250.63 Q321.15,254.88 322.85,260.32 Q324.55,265.76 327.61,269.92 Q330.67,274.08 331.09,275.95 Q331.52,277.82 328.97,282.24 Q326.42,286.32 318.69,291.93 Q310.96,297.53 296.77,302.97 Q282.58,308.41 258.62,308.58 Q245.03,308.75 234.15,306.79 Q223.28,304.84 212.32,300.25 Q201.36,295.66 195.92,289.80 Q190.48,283.94 187.25,273.74 Q184.03,263.55 186.57,250.13 Q187.59,244.35 192.27,230.58 Q196.94,216.82 199.15,212.74 Q201.36,208.66 208.32,197.53 Q215.29,186.40 217.50,184.20 Q219.71,181.99 220.56,180.54 Q221.41,179.10 220.81,177.65 Q220.22,176.21 214.95,177.91 L201.70,182.50 Q196.26,184.37 191.59,184.45 Q186.91,184.54 180.71,182.67 Q174.51,180.80 174.00,178.76 Q173.49,176.72 174.34,175.78 Q175.19,174.85 178.59,174.00 L184.71,172.64 Q187.76,171.96 197.53,169.33 Q207.30,166.69 211.13,165.25 Q214.95,163.80 220.39,161.43 Q225.83,159.05 231.09,155.65 Q236.36,152.25 237.72,151.91 Q240.10,151.57 244.18,152.59 Q248.26,153.61 255.14,156.50 Q262.02,159.39 263.72,161.77 Q265.42,164.14 264.91,166.18 Q264.57,167.03 263.97,168.05 Q263.38,169.07 259.30,171.71 Q255.22,174.34 248.77,181.14 L236.36,193.37 Q230.07,199.83 223.53,208.49 Q216.99,217.16 209.94,231.26 Q202.89,245.37 204.42,258.96 Q205.27,268.31 209.85,273.40 Q214.44,278.50 225.40,281.39 Q236.36,284.28 252.33,284.11 Q267.97,284.11 278.84,281.31 Q289.72,278.50 295.75,273.23 Q301.78,267.97 304.84,260.58 Q307.90,253.18 310.45,242.65","track":[[185.724609375,179.4375],[232.623046875,148.8515625],[257.26171875,164.314453125],[211.212890625,211.72265625],[193.7109375,261],[213.421875,293.96484375],[260.490234375,305.1796875],[327.94921875,276.29296875],[316.0546875,263.888671875],[316.0546875,231.09375]],"r":23.30357142857143}],"id":"乾","sc":"干","tc":"乾"}