{"stroke":[{"d":"M160.07,63.89 L136.96,65.59 Q129.82,66.27 121.58,66.18 Q113.34,66.10 106.46,63.98 Q99.57,61.85 98.13,59.56 Q96.69,57.26 97.45,55.65 Q98.21,54.04 105.86,53.36 L113.51,52.68 Q116.91,52.51 128.38,51.06 Q139.85,49.62 157.01,47.92 Q174.17,46.22 184.20,44.94 Q194.22,43.67 203.82,41.80 Q213.42,39.93 220.98,38.15 Q228.54,36.36 232.11,36.36 Q234.83,36.53 242.31,38.40 Q249.79,40.27 252.50,42.48 Q255.22,44.69 255.22,46.39 Q255.05,48.09 253.35,49.62 Q251.65,51.15 248.68,52.08 Q245.71,53.02 241.63,53.87 Q237.55,54.71 221.92,56.58 L181.99,61.51 L160.07,63.89","track":[[102.97265625,58.283203125],[253.18359375,42.48046875]],"r":23.30357142857143},{"d":"M185.89,118.95 L255.56,112.32 Q263.55,111.64 272.98,110.02 Q282.41,108.41 286.49,108.75 Q292.61,109.43 300.51,113.85 Q308.41,118.27 311.64,121.24 Q314.87,124.21 315.80,127.02 Q316.73,129.82 315.04,132.03 Q314.19,133.05 312.66,133.81 Q311.13,134.58 309.09,134.92 Q304.84,135.77 296.09,134.83 Q287.34,133.90 266.95,133.05 Q246.56,132.20 231.43,133.05 L185.21,135.77 L166.86,137.98 L112.32,144.43 Q107.56,145.11 96.26,147.15 Q84.96,149.19 81.14,150.21 Q77.31,151.23 70.09,153.35 Q62.87,155.48 60.49,155.31 Q56.92,155.31 51.15,152.84 Q45.37,150.38 40.10,146.47 Q34.83,142.56 33.05,139.85 Q31.27,137.13 32.20,135.26 Q33.13,133.39 36.36,133.05 L53.53,131.52 L80.71,129.65 L130.50,123.87 L165.67,120.81 L185.89,118.95","track":[[46.388671875,147.15234375],[127.44140625,130.83984375],[225.31640625,121.6640625],[307.55859375,121.154296875]],"r":23.30357142857143},{"d":"M165.67,120.81 Q165.16,102.80 164.48,92.27 Q163.80,81.73 162.96,77.65 L160.07,63.89 L181.99,61.51 Q187.08,64.91 188.44,67.63 Q189.80,70.35 189.46,73.58 L187.42,81.05 Q186.91,82.75 186.91,87.34 L185.89,118.95 L185.21,135.77 L185.21,213.93 Q185.21,256.92 184.71,264.91 Q184.20,272.89 183.09,279.35 Q181.99,285.81 180.03,290.74 Q178.08,295.66 175.36,298.89 Q172.64,302.12 166.69,307.47 Q160.75,312.83 157.52,311.64 Q155.82,311.13 153.86,309.00 Q151.91,306.88 149.70,303.48 L142.22,292.61 Q135.94,283.94 129.82,277.14 L123.19,270.01 Q120.47,267.29 122.17,265.76 Q123.87,264.23 127.44,265.76 L134.24,268.82 L142.73,272.38 Q150.38,275.78 153.61,274.76 Q157.35,273.57 159.90,268.31 Q162.45,263.04 162.96,250.80 L164.48,226.68 L164.82,211.38 L166.86,137.98 L165.67,120.81","track":[[173.3203125,63.890625],[173.3203125,126.251953125],[178.927734375,207.3046875],[175.01953125,289.88671875],[159.046875,308.068359375],[153.439453125,287.16796875],[126.251953125,268.4765625]],"r":23.30357142857143}],"id":"于","sc":"于","tc":"于"}