{"stroke":[{"d":"M136.45,81.56 L113.00,84.79 Q103.99,86.15 98.30,87.17 Q92.61,88.19 90.40,88.19 Q84.28,88.53 77.48,86.24 Q70.69,83.94 67.71,80.54 Q64.74,77.14 65.08,75.87 Q65.42,74.60 73.75,73.41 L194.73,58.28 Q222.43,54.88 231.18,52.85 Q239.93,50.81 243.67,50.98 Q249.28,51.32 255.48,54.21 Q261.68,57.09 265.42,59.90 Q269.16,62.70 269.75,65.33 Q270.35,67.97 269.67,69.16 Q268.82,70.35 266.61,70.94 Q264.40,71.54 256.92,72.22 Q249.45,72.90 229.65,73.32 Q209.85,73.75 201.53,74.60 L148.51,80.03 L136.45,81.56","track":[[77.484375,81.5625],[173.3203125,66.779296875],[258.791015625,59.982421875]],"r":23.30357142857143},{"d":"M142.22,147.15 Q138.15,155.99 135.68,161.17 Q133.22,166.35 132.71,167.20 L127.78,175.70 L126.76,178.08 Q119.96,190.14 116.48,195.58 Q113.00,201.02 111.64,202.72 L104.84,211.38 L104.16,212.74 L91.08,227.70 L85.98,233.13 Q82.41,237.04 80.97,235.09 Q79.52,233.13 81.73,229.39 L87.85,218.69 L92.78,210.53 Q96.52,204.42 101.10,194.73 Q105.69,185.04 111.55,171.45 Q117.42,157.86 121.41,146.47 Q125.40,135.09 128.63,123.62 Q131.86,112.15 133.81,103.31 Q135.77,94.48 135.94,92.27 L136.45,81.56 L148.51,80.03 Q153.44,82.58 155.90,84.37 Q158.37,86.15 162.02,90.14 Q165.67,94.14 165.25,96.01 Q164.82,97.88 163.80,99.23 L160.58,103.14 Q158.54,105.69 156.84,109.26 L150.89,124.72 L146.30,135.94 L142.22,147.15","track":[[153.94921875,84.28125],[124.552734375,159.7265625],[86.66015625,233.8125]],"r":23.30357142857143},{"d":"M146.30,135.94 Q151.74,135.09 156.33,134.32 Q160.92,133.56 165.42,132.37 Q169.92,131.18 182.07,127.70 Q194.22,124.21 199.32,122.34 Q204.42,120.47 207.13,119.96 Q209.85,119.46 213.76,120.13 Q216.82,120.81 221.58,123.19 L232.28,128.97 Q237.38,131.86 239.76,134.49 Q242.14,137.13 241.97,139.68 Q241.80,141.38 239.59,144.35 Q237.38,147.32 235.77,149.96 Q234.15,152.59 231.77,158.11 Q229.39,163.63 224.47,179.86 Q219.54,196.09 214.70,211.13 Q209.85,226.17 205.95,236.87 L194.56,267.80 Q170.26,284.79 169.75,269.50 Q171.79,265.59 173.58,262.02 Q175.36,258.45 177.99,252.67 Q180.63,246.90 183.77,237.72 Q186.91,228.54 192.69,206.88 Q198.47,185.21 200.34,176.72 L204.25,157.35 Q206.12,148.51 205.10,144.35 Q204.08,140.19 201.78,138.74 Q199.49,137.30 194.99,137.72 Q190.48,138.15 184.03,139.34 Q177.57,140.53 169.58,142.48 Q161.60,144.43 155.90,146.73 Q150.21,149.02 149.36,148.68 L142.22,147.15 L146.30,135.94","track":[[148.341796875,141.544921875],[207.3046875,125.7421875],[224.806640625,139.3359375],[201.52734375,214.611328125],[178.41796875,266.09765625]],"r":23.30357142857143},{"d":"M127.78,175.70 Q133.22,175.70 138.32,175.61 Q143.41,175.53 151.49,175.95 Q159.56,176.38 164.91,178.93 Q170.26,181.48 173.83,185.21 Q177.40,188.95 178.50,191.67 Q179.61,194.39 179.10,197.45 Q178.59,200.51 175.70,201.44 Q172.81,202.38 168.31,201.19 Q163.80,200.00 155.22,195.75 Q146.64,191.50 140.78,187.93 Q134.92,184.37 130.16,180.63 L126.76,178.08 L127.78,175.70","track":[[129.650390625,176.71875],[178.927734375,193.03125]],"r":23.30357142857143},{"d":"M104.84,211.38 Q114.36,211.55 121.58,211.89 Q128.80,212.23 135.17,213.34 Q141.54,214.44 146.98,216.99 Q152.42,219.54 156.84,224.38 Q161.26,229.22 162.70,232.88 Q164.14,236.53 164.14,239.42 Q163.97,241.29 163.13,242.73 Q162.28,244.18 156.84,243.33 Q150.38,242.65 141.12,238.15 Q131.86,233.64 127.53,231.18 Q123.19,228.71 118.27,224.98 L110.62,219.37 Q107.22,217.16 107.05,216.65 L104.16,212.74 L104.84,211.38","track":[[105.861328125,211.72265625],[159.7265625,238.400390625]],"r":23.30357142857143},{"d":"M194.56,267.80 L239.42,264.40 Q245.37,264.06 255.56,262.61 Q265.76,261.17 271.45,259.98 Q277.14,258.79 279.35,258.62 Q284.11,258.45 290.74,260.32 Q297.36,262.19 303.57,264.74 Q309.77,267.29 313.59,270.77 Q317.41,274.25 317.67,276.38 Q317.92,278.50 316.56,280.20 Q315.21,281.90 311.47,282.58 Q307.73,283.26 300.25,282.92 L278.50,282.58 L250.46,281.90 Q246.39,281.90 222.60,282.58 L190.14,283.43 Q187.59,283.60 159.30,285.30 Q131.01,287.00 123.87,287.68 L89.89,291.76 Q78.33,292.95 69.67,295.15 Q61.00,297.36 59.81,297.36 Q56.07,297.53 51.23,296.00 Q46.39,294.47 39.85,291.33 Q33.30,288.19 31.27,284.96 Q29.23,281.73 30.08,280.20 Q30.59,279.35 32.88,278.93 Q35.17,278.50 39.42,278.33 L52.34,277.82 Q55.56,277.82 65.17,277.14 Q74.77,276.46 103.06,275.02 Q131.35,273.57 146.13,271.88 L169.75,269.50 L194.56,267.80","track":[[44.689453125,289.376953125],[138.146484375,278.671875],[223.107421875,272.384765625],[311.9765625,272.89453125]],"r":23.30357142857143}],"id":"亙","sc":"亘","tc":"亙"}