{"stroke":[{"d":"M92.44,139.34 Q89.72,143.07 79.78,156.07 Q69.84,169.07 55.82,180.88 Q41.80,192.69 35.34,196.43 L23.11,203.74 Q18.52,206.46 18.10,204.67 Q17.67,202.89 19.71,200.68 L26.68,193.71 Q27.70,192.69 31.44,187.93 L45.37,172.30 Q50.81,166.01 61.34,151.32 Q71.88,136.62 80.12,124.21 Q88.36,111.81 93.63,102.55 Q98.89,93.29 102.97,84.37 Q107.05,75.45 108.58,70.52 Q110.11,65.59 111.72,58.54 Q113.34,51.49 113.42,48.17 Q113.51,44.86 114.10,43.67 Q114.70,42.48 116.14,41.72 Q117.59,40.95 122.34,42.48 Q126.93,44.18 129.31,45.37 Q131.69,46.56 136.87,50.30 Q142.05,54.04 143.33,57.01 Q144.60,59.98 144.26,62.02 Q143.75,64.06 139.59,68.05 Q135.43,72.05 133.13,75.79 Q130.84,79.52 123.53,92.35 Q116.23,105.18 110.79,113.42 Q105.35,121.66 103.14,124.89 L99.23,130.50 L92.44,139.34","track":[[134.23828125,50.296875],[80.373046875,143.75390625],[22.08984375,204.416015625]],"r":23.30357142857143},{"d":"M99.23,130.50 Q102.80,132.71 105.86,134.66 Q108.92,136.62 111.81,139.51 Q114.70,142.39 114.87,144.09 Q115.04,145.79 113.51,152.08 Q113.00,153.95 112.66,159.90 L111.64,170.09 Q110.96,176.04 110.79,186.06 L108.92,254.54 L108.41,279.01 Q107.90,282.92 107.05,285.64 Q106.20,288.36 104.33,292.27 Q102.46,296.17 100.93,298.30 Q99.40,300.42 97.79,300.59 Q96.18,300.76 93.80,297.53 Q91.59,294.98 90.14,291.76 Q88.70,288.53 87.25,284.79 Q85.81,281.05 84.88,277.91 Q83.94,274.76 84.28,271.37 Q84.28,269.67 85.90,264.57 Q87.51,259.47 88.95,251.91 Q90.40,244.35 91.42,237.81 Q92.44,231.26 93.03,225.06 Q93.63,218.86 94.73,202.12 Q95.84,185.38 95.84,176.72 Q95.67,174.00 95.24,161.94 Q94.82,149.87 94.56,146.81 Q94.31,143.75 93.97,142.90 L92.44,139.34 L99.23,130.50","track":[[100.25390625,134.748046875],[102.462890625,217.5],[97.875,299.572265625]],"r":23.30357142857143},{"d":"M255.73,119.79 L268.65,117.42 Q277.82,115.89 287.42,113.08 Q297.02,110.28 301.27,110.45 Q304.67,110.79 311.72,113.00 Q318.77,115.21 322.51,117.42 Q326.25,119.63 328.46,122.26 Q330.67,124.89 330.16,126.76 Q329.48,128.63 325.83,129.82 Q322.17,131.01 313.17,131.26 Q304.16,131.52 296.00,132.20 L255.22,135.60 L236.36,137.81 L199.32,143.24 Q199.15,143.41 182.67,146.73 Q166.18,150.04 159.13,152.84 Q152.08,155.65 150.21,155.65 Q145.79,155.99 140.02,153.52 Q134.24,151.06 129.99,147.83 Q125.74,144.60 126.08,142.31 Q126.42,140.02 129.99,139.51 L138.15,138.32 L155.14,135.94 Q172.98,133.56 191.50,130.33 L235.68,123.02 L255.73,119.79","track":[[137.63671875,150.041015625],[231.09375,133.55859375],[321.662109375,118.9453125]],"r":23.30357142857143},{"d":"M255.22,135.60 L254.03,213.76 Q253.86,221.75 254.37,237.30 Q254.88,252.84 255.14,262.10 Q255.39,271.37 255.22,276.80 Q254.88,284.79 253.52,290.14 Q252.16,295.49 248.94,302.97 Q245.71,310.45 242.22,313.08 Q238.74,315.71 235.68,315.21 Q232.62,314.87 228.71,309.85 Q224.81,304.84 218.69,297.53 Q212.57,290.23 207.81,285.21 Q203.06,280.20 199.15,277.31 L192.18,272.21 Q189.63,270.52 190.82,268.31 Q192.01,266.10 194.05,266.61 L205.95,270.52 L215.46,272.21 L222.43,273.57 Q226.85,274.08 229.05,272.38 Q230.92,270.86 231.77,266.44 Q232.62,262.02 232.88,254.63 Q233.13,247.24 233.81,233.13 Q234.49,219.03 234.66,212.40 L236.36,137.81 L235.68,123.02 L235.85,90.91 Q235.85,87.68 235.00,77.82 L233.64,62.53 Q233.13,58.11 232.11,53.02 Q231.09,47.92 228.46,43.16 Q225.83,38.40 226.34,36.28 Q226.85,34.15 230.07,32.96 Q232.28,32.12 238.74,34.07 Q245.20,36.02 247.58,36.87 Q249.96,37.72 253.35,39.42 Q256.75,41.12 260.66,44.01 Q264.57,46.90 265.08,49.53 Q265.59,52.17 264.40,55.56 L261.68,62.02 Q259.98,66.27 259.30,70.01 Q258.62,73.75 257.94,81.14 Q257.26,88.53 257.09,92.27 L255.73,119.79 L255.22,135.60","track":[[246.896484375,37.892578125],[245.197265625,122.853515625],[245.70703125,223.6171875],[241.2890625,315.375],[219.19921875,284.279296875],[193.7109375,270.685546875]],"r":23.30357142857143},{"d":"M157.52,175.70 L164.65,178.59 Q167.88,179.95 173.32,182.58 Q178.76,185.21 183.94,188.87 Q189.12,192.52 192.52,198.64 Q195.92,204.76 195.92,214.10 Q195.75,221.58 192.95,224.47 Q190.14,227.36 186.57,227.36 Q184.20,227.53 181.22,225.91 Q178.25,224.30 174.42,219.45 Q170.60,214.61 166.69,207.90 Q162.79,201.19 159.90,196.00 Q157.01,190.82 155.82,188.10 L151.74,179.78 Q150.38,177.23 151.40,175.53 Q152.42,173.83 157.52,175.70","track":[[153.94921875,175.529296875],[195.919921875,223.107421875]],"r":23.30357142857143}],"id":"付","sc":"付","tc":"付"}