{"stroke":[{"d":"M85.98,146.30 Q83.26,150.21 81.56,152.50 Q79.86,154.80 74.34,161.77 Q68.82,168.73 61.00,176.46 Q53.19,184.20 44.43,190.91 Q35.68,197.62 30.42,199.83 L27.36,201.19 Q25.32,202.21 24.98,201.02 Q24.64,199.83 25.32,198.81 L28.04,195.58 L37.72,184.54 Q45.03,175.87 54.04,162.96 Q63.04,150.04 73.15,132.88 Q83.26,115.72 88.44,104.76 Q93.63,93.80 98.30,80.80 Q102.97,67.80 104.50,61.77 Q106.03,55.73 106.71,51.15 Q107.39,46.56 107.48,43.42 Q107.56,40.27 108.24,39.17 Q108.92,38.06 110.79,37.30 Q112.66,36.53 117.59,38.40 Q122.17,40.27 125.15,41.97 Q128.12,43.67 131.77,46.81 Q135.43,49.96 137.72,52.85 Q140.02,55.73 139.51,58.28 Q139.17,59.98 137.13,62.02 L133.39,65.76 Q131.35,67.97 128.97,72.73 L124.89,80.54 Q122.68,84.62 117.25,94.22 Q111.81,103.82 105.95,114.44 Q100.08,125.06 97.88,128.29 L94.14,133.90 L85.98,146.30","track":[[127.44140625,45.19921875],[92.77734375,118.9453125],[27.697265625,202.20703125]],"r":23.30357142857143},{"d":"M94.14,133.90 Q97.71,136.62 100.25,138.66 Q102.80,140.70 105.27,143.75 Q107.73,146.81 108.07,148.68 Q108.41,150.55 106.20,157.86 Q105.35,160.41 105.01,163.46 Q104.67,166.52 103.74,179.35 Q102.80,192.18 102.80,196.09 L102.12,243.84 Q101.95,244.86 102.38,259.22 Q102.80,273.57 103.23,279.27 Q103.65,284.96 103.48,287.17 Q103.14,290.74 101.53,296.00 Q99.91,301.27 98.30,304.33 Q96.69,307.39 94.90,309.09 Q93.12,310.79 91.76,310.87 Q90.40,310.96 88.36,307.90 Q86.15,305.18 84.45,301.44 Q82.75,297.70 81.65,294.56 Q80.54,291.42 79.69,287.68 Q78.84,283.94 79.01,281.39 Q79.01,279.18 80.63,273.49 Q82.24,267.80 83.09,262.10 Q83.94,256.41 84.71,247.66 Q85.47,238.91 85.81,232.45 L87.68,181.82 Q87.68,180.63 87.59,167.97 Q87.51,155.31 87.17,152.93 L85.98,146.30 L94.14,133.90","track":[[94.4765625,138.146484375],[93.966796875,216.8203125],[93.966796875,307.55859375]],"r":23.30357142857143},{"d":"M206.96,104.16 L186.23,106.71 Q171.79,108.58 163.63,110.11 Q155.48,111.64 152.08,111.30 Q149.53,111.13 141.88,108.92 Q134.24,106.71 131.77,104.08 Q129.31,101.44 130.08,99.83 Q130.84,98.21 134.58,97.88 L148.34,96.69 L164.14,95.33 Q175.19,94.48 201.19,91.42 Q227.19,88.36 240.44,86.75 Q253.69,85.13 270.86,82.92 L286.66,80.88 L294.13,79.52 Q298.21,79.01 301.44,79.52 Q304.67,80.20 309.68,83.01 Q314.70,85.81 318.94,89.29 Q323.19,92.78 323.02,94.14 Q322.85,95.33 321.58,96.26 Q320.30,97.20 317.58,97.37 L300.93,98.04 L226.51,102.97 L206.96,104.16","track":[[142.904296875,105.521484375],[227.6953125,94.4765625],[315.375,88.359375]],"r":23.30357142857143},{"d":"M226.51,102.97 Q229.39,105.18 232.03,106.97 Q234.66,108.75 236.45,111.13 Q238.23,113.51 237.89,115.55 Q237.55,117.08 234.41,119.37 Q231.26,121.66 228.88,124.04 Q226.51,126.42 220.98,133.47 Q215.46,140.53 209.85,147.32 Q204.25,154.12 202.55,155.65 L197.45,160.24 Q178.08,177.48 185.89,162.45 Q189.46,156.67 191.42,153.44 Q193.37,150.21 196.94,143.33 Q200.51,136.45 202.46,131.69 Q204.42,126.93 206.20,120.73 Q207.98,114.53 207.64,111.13 L206.96,104.16 L226.51,102.97","track":[[226.505859375,104.671875],[196.4296875,157.34765625]],"r":23.30357142857143},{"d":"M183.01,282.41 Q182.67,287.17 181.90,292.01 Q181.14,296.85 178.84,298.72 Q176.55,300.59 175.27,300.68 Q174.00,300.76 172.30,298.38 Q170.26,296.00 169.07,291.67 Q167.88,287.34 167.46,283.00 Q167.03,278.67 166.86,267.88 Q166.69,257.09 166.10,244.86 Q165.50,232.62 165.16,220.22 Q164.82,207.81 164.48,202.55 Q164.14,197.28 163.46,189.38 Q162.79,181.48 161.85,176.80 Q160.92,172.13 159.22,167.20 L157.69,163.29 Q156.67,160.58 157.26,158.79 Q157.86,157.01 161.09,155.99 Q163.29,155.48 168.65,156.84 Q174.00,158.20 175.53,159.05 L182.33,162.62 Q186.57,165.67 182.33,173.83 L181.99,214.95 L182.33,224.64 L182.33,270.52 L183.01,282.41","track":[[168.22265625,157.34765625],[172.640625,233.302734375],[173.830078125,296.173828125]],"r":23.30357142857143},{"d":"M197.45,160.24 L223.45,155.99 L236.53,153.78 Q242.65,152.76 247.15,152.17 Q251.65,151.57 253.69,150.89 L260.49,148.34 Q263.72,147.32 266.78,147.32 Q271.54,147.49 277.23,150.89 Q282.92,154.29 286.57,156.84 Q290.23,159.39 292.95,161.94 Q295.66,164.48 295.75,166.27 Q295.83,168.05 293.29,172.30 Q291.93,174.51 290.48,178.16 Q289.04,181.82 288.36,185.89 Q287.68,189.97 287.34,197.79 L285.13,228.38 L284.28,247.58 Q283.60,255.22 281.90,266.95 Q280.20,278.67 277.14,287.59 Q274.08,296.51 268.65,302.46 Q263.21,308.41 260.24,309.00 Q257.26,309.60 255.90,308.24 Q254.71,307.56 254.03,304.84 L251.82,297.70 Q251.14,296.17 248.77,289.89 Q246.39,283.60 245.71,282.24 L243.50,278.33 Q237.30,263.55 241.29,265.76 Q244.01,266.27 247.92,267.88 Q251.82,269.50 254.03,271.03 L258.62,274.25 Q260.15,267.12 260.92,262.27 Q261.68,257.43 262.53,244.43 Q263.38,231.43 263.38,228.21 L263.38,217.50 L263.38,211.89 Q264.06,196.94 263.97,189.46 Q263.89,181.99 263.29,175.36 Q262.70,168.73 260.58,166.52 Q258.45,164.31 251.48,164.40 Q244.52,164.48 238.49,164.91 Q232.45,165.33 224.64,166.18 Q216.82,167.03 209.26,168.31 Q201.70,169.58 194.48,171.37 Q187.25,173.15 186.91,173.15 L182.33,173.83 L182.33,162.62 L185.89,162.45 L197.45,160.24","track":[[186.9140625,170.431640625],[270.685546875,154.62890625],[282.580078125,169.921875],[276.29296875,220.55859375],[265.248046875,304.16015625],[239.759765625,265.587890625]],"r":23.30357142857143},{"d":"M263.38,217.50 Q258.45,219.71 255.22,220.73 Q251.99,221.75 241.97,222.60 L224.98,224.47 Q218.86,225.15 208.92,226.00 Q198.98,226.85 194.31,226.93 Q189.63,227.02 188.10,226.34 L182.33,224.64 L181.99,214.95 Q188.44,214.27 194.22,213.59 Q200.00,212.91 205.44,211.89 L222.09,209.17 Q234.49,207.47 239.25,206.63 Q244.01,205.78 246.73,205.78 Q252.16,206.12 257.43,208.83 L263.38,211.89 L263.38,217.50","track":[[186.234375,220.8984375],[259.30078125,215.80078125]],"r":23.30357142857143},{"d":"M245.71,282.24 L243.50,278.33 Q230.75,279.52 224.47,279.86 L208.15,281.05 Q193.20,282.24 189.97,282.24 L183.01,282.41 L182.33,270.52 L209.85,268.14 L233.47,265.59 Q238.57,265.25 241.29,265.76 Q244.01,266.27 247.92,267.88 Q251.82,269.50 254.03,271.03 L258.62,274.25 L245.71,282.24","track":[[185.21484375,278.671875],[247.40625,275.2734375]],"r":23.30357142857143}],"id":"佰","sc":"佰","tc":"佰"}