{"stroke":[{"d":"M85.30,146.64 Q81.73,151.23 76.72,157.60 Q71.71,163.97 64.83,170.86 Q57.94,177.74 49.28,184.62 Q40.61,191.50 37.21,193.54 L31.44,197.11 Q28.72,198.81 27.19,197.02 Q25.66,195.24 28.89,192.01 L34.83,186.40 Q36.53,184.88 40.44,180.12 L52.51,166.01 Q63.21,153.44 70.77,142.48 Q78.33,131.52 89.80,112.91 Q101.27,94.31 105.52,84.37 Q109.77,74.43 113.17,61.77 Q116.57,49.11 116.14,45.45 Q115.72,41.80 116.40,40.27 Q117.08,38.74 119.29,38.23 Q121.49,37.72 124.89,39.42 Q128.63,41.46 131.60,43.67 Q134.58,45.88 138.23,49.53 Q141.88,53.19 143.33,55.90 Q144.77,58.62 144.60,59.98 Q144.26,61.17 142.22,63.04 Q140.19,64.91 138.49,66.86 Q136.79,68.82 134.07,72.64 Q131.35,76.46 129.31,79.69 Q127.27,82.92 117.50,99.23 Q107.73,115.55 99.57,126.93 L93.12,135.94 L85.30,146.64","track":[[132.19921875,48.087890625],[89.548828125,127.78125],[28.88671875,196.76953125]],"r":23.30357142857143},{"d":"M93.12,135.94 Q96.86,138.66 99.32,140.70 Q101.78,142.73 104.25,145.96 Q106.71,149.19 107.05,151.06 Q107.39,152.93 105.35,159.90 Q104.50,162.45 104.08,166.44 Q103.65,170.43 103.14,178.08 Q102.63,185.72 102.63,192.35 L101.95,239.25 Q101.78,239.59 102.46,254.54 L102.97,270.52 Q103.65,279.52 103.48,281.73 Q103.14,285.47 101.61,290.14 Q100.08,294.81 98.30,298.38 Q96.52,301.95 95.07,303.40 Q93.63,304.84 92.27,304.92 Q90.91,305.01 88.87,302.12 Q86.83,299.74 85.05,295.58 Q83.26,291.42 82.67,289.38 Q82.07,287.34 80.88,282.75 Q79.69,278.16 79.86,276.12 Q79.86,274.42 81.48,268.99 Q83.09,263.55 83.86,257.60 Q84.62,251.65 85.39,242.73 Q86.15,233.81 86.49,228.04 L88.36,178.42 Q88.53,171.79 88.27,163.97 Q88.02,156.16 87.34,153.78 L85.30,146.64 Q84.62,132.28 93.12,135.94","track":[[96.85546875,143.75390625],[94.4765625,220.388671875],[93.1171875,293.96484375]],"r":23.30357142857143},{"d":"M172.98,64.40 Q179.44,63.21 182.84,62.53 L224.98,55.90 L242.31,53.02 Q248.94,52.00 251.99,51.40 Q255.05,50.81 259.13,49.02 Q263.21,47.24 264.57,47.24 Q266.61,47.41 271.28,50.47 Q275.95,53.53 283.77,60.24 Q291.59,66.95 291.08,70.35 Q290.74,72.39 288.70,74.60 L282.07,80.20 Q278.33,83.43 274.93,89.04 L265.59,104.16 Q250.46,115.12 248.94,99.91 L254.20,80.88 Q255.90,74.26 255.99,71.54 Q256.07,68.82 254.20,66.95 Q252.33,65.08 247.07,64.91 Q240.10,64.91 226.68,67.46 L208.66,70.86 Q196.09,73.24 189.97,75.28 Q183.86,77.31 183.35,77.31 L178.42,77.99 Q162.11,71.20 172.98,64.40","track":[[171.111328125,71.70703125],[266.947265625,49.107421875],[289.88671875,67.96875],[251.994140625,102.462890625]],"r":23.30357142857143},{"d":"M265.59,104.16 Q270.69,108.07 270.60,110.19 Q270.52,112.32 269.67,113.42 Q268.82,114.53 263.72,114.53 L248.09,115.04 L187.59,122.51 Q182.84,123.19 181.31,123.19 L172.81,123.87 Q164.14,118.01 174.17,112.15 Q178.59,111.81 187.08,110.87 Q195.58,109.94 215.72,106.46 Q235.85,102.97 240.61,101.78 L248.94,99.91 L265.59,104.16","track":[[172.130859375,116.736328125],[266.947265625,109.76953125]],"r":23.30357142857143},{"d":"M164.82,169.92 Q162.96,176.55 160.07,185.64 Q157.18,194.73 149.28,209.94 Q141.38,225.15 131.77,236.36 Q122.17,247.58 116.40,252.67 L111.64,256.92 Q109.60,258.79 108.50,257.43 Q107.39,256.07 109.26,253.18 L114.02,245.88 Q118.61,238.74 123.87,229.39 Q129.14,220.05 134.49,205.78 Q139.85,191.50 143.67,178.08 Q147.49,164.65 149.96,151.91 Q152.42,139.17 153.78,124.98 Q155.14,110.79 155.56,101.61 Q155.99,92.44 155.99,84.96 Q155.82,76.63 155.31,72.47 Q154.80,68.31 154.20,65.42 Q153.61,62.53 154.20,61.17 Q154.80,59.81 156.50,59.13 Q157.86,58.62 161.51,59.56 Q165.16,60.49 167.20,61.51 L172.98,64.40 L178.42,77.99 Q177.91,80.03 177.57,81.82 Q177.23,83.60 176.55,88.78 Q175.87,93.97 175.36,100.25 L174.17,112.15 L172.81,123.87 Q172.13,129.82 171.20,137.30 Q170.26,144.77 169.24,149.87 L167.37,159.05 L164.82,169.92","track":[[165.673828125,64.5703125],[159.046875,158.3671875],[116.056640625,253.693359375]],"r":23.30357142857143},{"d":"M169.24,149.87 L167.37,159.05 Q176.21,158.03 181.90,157.43 Q187.59,156.84 188.44,156.67 L222.09,152.42 Q250.13,149.19 250.29,149.02 L271.54,145.79 Q278.33,144.94 284.11,142.65 Q289.89,140.36 291.08,140.36 Q293.29,140.53 297.28,142.31 Q301.27,144.09 305.94,147.49 Q310.62,150.89 313.42,153.44 Q316.22,155.99 318.52,159.13 Q320.81,162.28 320.64,164.31 Q320.47,165.33 318.09,169.07 Q315.71,172.81 314.27,178.16 Q312.83,183.52 312.06,189.04 Q311.30,194.56 310.79,202.63 Q310.28,210.70 309.68,226.51 Q309.09,242.31 308.15,252.25 Q307.22,262.19 304.75,272.64 Q302.29,283.09 298.47,290.06 Q294.64,297.02 290.48,301.02 Q286.32,305.01 281.56,307.81 Q276.80,310.62 274.76,310.28 Q272.21,309.94 270.26,307.39 Q268.31,304.84 265.93,300.42 Q263.55,296.00 261.00,292.27 Q258.45,288.53 255.05,284.45 Q251.65,280.37 247.41,276.12 L243.50,272.55 Q241.12,270.52 242.22,269.24 Q243.33,267.97 245.71,268.48 L252.16,270.35 Q258.11,272.21 262.78,273.32 Q267.46,274.42 272.38,274.25 Q275.78,274.25 279.18,272.81 Q282.58,271.37 284.79,260.75 Q287.00,250.13 287.76,244.01 Q288.53,237.89 289.21,224.21 Q289.89,210.53 290.23,202.72 L290.57,188.78 Q290.74,177.91 290.06,172.64 Q288.87,166.01 285.72,162.79 Q282.58,159.56 271.20,159.73 Q264.40,160.07 248.85,161.60 Q233.30,163.13 222.94,164.31 Q212.57,165.50 201.02,166.95 Q189.46,168.39 182.58,170.52 Q175.70,172.64 174.17,172.64 Q169.75,173.15 168.05,171.79 L164.82,169.92 Q161.09,168.39 169.24,149.87","track":[[166.86328125,164.314453125],[227.865234375,154.798828125],[291.92578125,142.39453125],[312.65625,153.099609375],[295.6640625,199.998046875],[285.46875,308.578125],[246.38671875,271.875]],"r":23.30357142857143},{"d":"M188.27,250.63 Q187.25,252.67 186.06,254.03 Q184.88,255.39 183.43,255.48 Q181.99,255.56 180.63,254.37 Q178.25,252.67 176.80,248.09 Q175.36,243.50 174.85,240.10 L171.28,222.09 Q170.09,216.65 168.39,213.34 Q166.69,210.02 164.40,208.24 Q162.11,206.46 161.43,205.27 Q160.75,204.08 161.43,203.14 Q162.11,202.21 164.65,202.21 L170.60,202.55 L177.06,202.89 L182.84,211.04 L186.57,240.10 L188.27,250.63","track":[[169.921875,204.755859375],[183.515625,249.78515625]],"r":23.30357142857143},{"d":"M177.06,202.89 L214.95,195.92 Q219.37,195.24 223.79,194.05 Q228.21,192.86 230.67,191.33 Q233.13,189.80 234.41,189.63 Q235.68,189.46 239.42,191.67 Q245.54,195.75 248.60,198.38 Q251.65,201.02 253.01,203.06 Q254.37,205.10 254.20,206.63 Q253.86,207.81 251.23,210.19 Q248.60,212.57 246.81,215.29 Q245.03,218.01 243.84,220.56 L236.87,235.68 Q226.76,245.79 223.45,233.81 L228.21,215.12 Q228.88,212.40 228.97,209.77 Q229.05,207.13 228.29,206.03 Q227.53,204.93 225.23,204.33 Q222.94,203.74 215.46,205.10 L182.84,211.04 L177.06,202.89","track":[[181.81640625,206.455078125],[235.171875,187.93359375],[256.58203125,205.265625],[225.31640625,233.302734375]],"r":23.30357142857143},{"d":"M236.87,235.68 Q238.57,237.21 239.93,238.49 Q241.29,239.76 241.88,240.95 Q242.48,242.14 242.14,243.33 Q241.80,244.52 239.25,244.69 L188.27,250.63 L186.57,240.10 Q197.79,238.40 206.88,237.13 Q215.97,235.85 219.54,234.83 L223.45,233.81 L236.87,235.68","track":[[191.33203125,246.38671875],[240.609375,241.2890625]],"r":23.30357142857143}],"id":"侷","sc":"局","tc":"侷"}