{"stroke":[{"d":"M86.32,133.56 Q82.58,138.83 77.74,145.62 Q72.90,152.42 64.91,161.34 Q56.92,170.26 48.94,177.40 Q40.95,184.54 33.64,188.78 L25.32,193.71 Q23.11,195.07 21.83,193.46 Q20.56,191.84 22.26,189.97 L29.23,183.01 Q36.53,175.70 42.06,169.50 Q47.58,163.29 56.41,150.89 Q65.25,138.49 69.92,130.67 Q74.60,122.85 83.43,106.88 Q92.27,90.91 95.16,84.28 L100.08,71.37 Q103.31,62.70 104.16,59.13 Q105.01,55.56 105.27,49.87 Q105.52,44.18 106.03,41.29 Q106.54,38.40 107.99,37.47 Q109.43,36.53 113.68,38.06 Q118.78,40.10 123.02,42.65 Q127.27,45.20 130.92,48.68 Q134.58,52.17 134.58,55.05 Q134.41,56.92 133.39,58.54 Q132.37,60.15 129.48,63.13 Q126.59,66.10 124.72,69.50 L121.15,76.13 L111.64,92.61 L99.40,114.02 Q97.54,116.91 96.52,118.44 L93.46,122.85 L86.32,133.56","track":[[122.00390625,43.83984375],[86.66015625,116.56640625],[60.4921875,156.328125],[23.109375,190.822265625]],"r":23.30357142857143},{"d":"M93.46,122.85 Q96.01,124.38 97.54,125.32 Q99.06,126.25 101.87,128.38 Q104.67,130.50 107.22,133.47 Q109.77,136.45 110.11,138.49 Q110.45,140.53 108.24,147.49 Q107.22,150.21 106.80,153.69 Q106.37,157.18 105.86,166.01 Q105.35,174.85 105.35,179.78 L104.67,245.54 Q104.50,249.45 104.93,261.08 Q105.35,272.72 105.78,278.84 Q106.20,284.96 106.03,287.85 Q105.52,291.93 104.08,296.43 Q102.63,300.93 100.68,304.42 Q98.72,307.90 97.03,309.43 Q95.33,310.96 93.97,311.04 Q92.61,311.13 90.40,308.07 Q88.19,305.35 86.24,301.61 Q84.28,297.87 83.60,295.83 Q82.92,293.79 81.56,288.95 Q80.20,284.11 80.37,282.24 Q80.37,280.37 82.24,274.85 Q84.11,269.33 84.79,264.57 Q85.47,259.81 86.49,248.85 Q87.51,237.89 87.68,234.32 L89.72,166.01 Q89.89,155.99 89.55,149.96 Q89.21,143.92 88.36,140.87 L86.32,133.56 L93.46,122.85","track":[[93.966796875,122.853515625],[95.666015625,202.716796875],[94.4765625,262.69921875],[91.7578125,311.466796875]],"r":23.30357142857143},{"d":"M173.49,178.08 Q172.81,181.31 171.71,183.94 Q170.60,186.57 168.22,187.25 Q165.84,187.93 162.62,183.01 Q160.07,179.61 159.39,171.62 L157.52,156.33 L153.27,120.81 Q152.59,116.40 151.32,109.77 Q150.04,103.14 148.60,98.81 Q147.15,94.48 145.11,91.08 L140.53,84.45 Q138.66,81.39 139.51,79.69 Q140.36,77.99 143.24,77.65 Q144.43,77.65 149.45,79.01 Q154.46,80.37 156.50,80.54 L162.96,81.56 Q165.93,85.47 165.50,91.08 L169.41,125.57 L170.26,134.41 Q170.77,141.04 171.71,149.19 Q172.64,157.35 172.64,160.75 L172.64,166.69 L173.49,178.08","track":[[150.041015625,79.86328125],[158.02734375,127.44140625],[167.033203125,184.53515625]],"r":23.30357142857143},{"d":"M162.96,81.56 Q172.30,81.22 178.59,80.71 Q184.88,80.20 205.86,77.31 Q226.85,74.43 234.24,73.24 Q241.63,72.05 250.38,70.09 Q259.13,68.14 265.42,65.76 Q271.71,63.38 274.25,63.21 Q276.63,63.21 280.46,64.57 Q284.28,65.93 289.29,68.05 Q294.30,70.18 298.21,72.30 Q302.12,74.43 305.01,77.23 Q307.90,80.03 307.90,82.24 Q307.73,83.94 305.86,86.32 L303.14,89.72 Q300.59,92.95 298.38,96.77 Q296.17,100.59 294.47,106.37 L278.67,155.99 L274.42,169.92 Q271.88,176.55 268.56,178.84 Q265.25,181.14 262.02,180.29 Q258.45,179.61 257.43,177.40 L254.54,172.81 Q253.01,168.65 254.88,161.09 Q256.58,158.20 257.52,156.24 Q258.45,154.29 259.81,149.70 L266.78,125.74 L267.97,120.13 L271.71,100.08 Q273.23,91.08 272.98,88.10 Q272.72,85.13 270.69,83.26 Q268.65,81.39 264.91,80.88 Q262.02,80.71 253.52,81.56 L242.65,82.58 L230.58,84.28 L218.69,85.64 L197.79,88.70 L165.50,91.08 L162.96,81.56","track":[[165.333984375,85.98046875],[259.30078125,74.765625],[296.173828125,71.876953125],[282.0703125,92.77734375],[275.783203125,127.951171875],[263.37890625,177.228515625]],"r":23.30357142857143},{"d":"M225.83,117.59 Q231.94,116.91 238.49,115.72 Q245.03,114.53 247.24,114.27 Q249.45,114.02 252.33,114.36 Q256.41,115.04 261.17,117.08 L267.97,120.13 L266.78,125.74 Q256.24,127.61 252.16,128.21 Q248.09,128.80 235.85,130.16 L225.83,131.35 L203.40,134.07 Q196.26,135.26 192.01,135.60 Q187.76,135.94 182.24,135.85 Q176.72,135.77 174.68,135.26 L170.26,134.41 L169.41,125.57 Q175.87,124.89 179.27,124.38 L193.03,122.51 L203.23,121.66 L225.83,117.59","track":[[171.62109375,130.83984375],[214.611328125,125.7421875],[265.587890625,121.6640625]],"r":23.30357142857143},{"d":"M203.74,177.23 Q197.28,177.91 189.97,178.59 Q182.67,179.27 179.95,178.76 L173.49,178.08 L172.64,166.69 L203.23,163.80 L225.15,160.41 Q229.90,159.90 234.92,159.30 Q239.93,158.71 243.75,158.62 Q247.58,158.54 249.96,159.39 L254.88,161.09 L254.54,172.81 L223.96,175.36 L203.74,177.23","track":[[173.830078125,172.130859375],[219.708984375,170.94140625],[253.693359375,167.54296875]],"r":23.30357142857143},{"d":"M204.08,229.39 Q195.75,230.75 189.72,231.43 Q183.69,232.11 175.87,231.94 Q169.41,231.94 164.14,230.92 Q158.88,229.90 156.50,226.93 Q154.12,223.96 154.63,222.60 Q155.14,221.24 157.69,220.90 L167.03,219.88 Q169.07,219.71 173.58,219.03 Q178.08,218.35 191.67,216.48 L203.06,214.95 L223.62,211.72 Q231.26,210.36 235.17,209.51 L244.69,207.64 Q249.79,206.79 252.84,206.46 Q257.43,206.29 262.44,207.13 Q267.46,207.98 271.37,209.77 Q275.27,211.55 276.46,212.74 Q277.65,213.93 277.82,215.55 Q277.99,217.16 274.25,219.20 Q271.37,220.73 267.46,221.07 Q263.55,221.41 246.90,223.96 L232.79,225.83 L223.11,227.19 L204.08,229.39","track":[[155.6484375,223.107421875],[220.8984375,220.8984375],[272.89453125,214.1015625]],"r":23.30357142857143},{"d":"M204.08,266.61 L204.08,229.39 L203.06,214.95 L203.74,177.23 L203.23,163.80 L203.40,134.07 L203.23,121.66 L203.23,111.81 Q203.23,111.64 201.78,102.89 Q200.34,94.14 200.34,93.80 L197.79,88.70 L218.69,85.64 Q222.77,87.34 226.08,89.29 Q229.39,91.25 229.56,92.86 Q229.73,94.48 227.70,99.23 Q226.68,101.44 226.25,104.67 Q225.83,107.90 225.83,112.49 L225.83,117.59 L225.83,131.35 L225.15,160.41 L223.96,175.36 L223.62,211.72 L223.11,227.19 L222.77,265.25 Q212.57,290.57 204.08,266.61","track":[[214.611328125,87.169921875],[212.912109375,181.13671875],[214.611328125,264.3984375]],"r":23.30357142857143},{"d":"M222.77,265.25 L252.84,262.53 L266.78,261.17 Q277.65,260.15 284.53,258.88 Q291.42,257.60 293.29,257.43 Q297.19,257.43 302.55,258.88 Q307.90,260.32 312.32,262.19 Q316.73,264.06 320.30,266.10 Q323.87,268.14 325.49,270.94 Q327.10,273.74 326.00,275.78 Q324.89,277.82 320.98,277.99 L307.90,278.67 Q306.88,278.84 298.55,278.33 Q290.23,277.82 278.59,278.42 Q266.95,279.01 249.19,279.44 Q231.43,279.86 219.71,280.71 Q207.98,281.56 196.43,283.00 Q184.88,284.45 175.95,285.81 Q167.03,287.17 160.49,288.95 Q153.95,290.74 151.57,290.74 Q148.85,290.91 143.24,289.38 Q137.64,287.85 133.90,286.23 Q130.16,284.62 126.51,281.65 Q122.85,278.67 123.02,277.23 Q123.19,275.78 123.96,274.93 Q124.72,274.08 128.12,273.74 L140.02,273.06 Q146.47,272.72 163.13,271.20 Q179.78,269.67 181.65,269.33 L204.08,266.61 L222.77,265.25","track":[[127.44140625,279.181640625],[217.5,273.57421875],[322.171875,270.17578125]],"r":23.30357142857143}],"id":"俚","sc":"俚","tc":"俚"}