{"stroke":[{"d":"M88.70,133.39 Q79.35,146.13 72.39,155.14 Q65.42,164.14 58.28,171.62 Q51.15,179.10 43.25,185.72 Q35.34,192.35 31.78,194.39 L28.72,196.09 Q27.36,196.94 25.66,195.83 Q23.96,194.73 24.98,193.37 L27.53,190.48 Q30.76,186.74 36.87,179.69 Q42.99,172.64 48.43,165.50 Q53.87,158.37 64.57,141.54 Q75.28,124.72 80.71,114.87 Q86.15,105.01 93.37,89.63 Q100.59,74.26 103.14,66.44 Q105.69,58.62 106.88,53.02 L108.07,45.54 Q108.58,41.63 108.67,37.89 Q108.75,34.15 109.77,33.05 Q110.79,31.95 112.49,31.61 Q114.19,31.44 118.10,33.30 Q122.00,35.17 124.64,36.96 Q127.27,38.74 130.75,41.80 Q134.24,44.86 135.94,48.00 Q137.64,51.15 136.62,53.53 Q136.11,54.38 135.77,54.80 Q135.43,55.22 133.47,56.67 Q131.52,58.11 129.82,60.24 Q128.12,62.36 126.42,65.17 Q124.72,67.97 120.30,77.14 Q115.89,86.32 110.62,95.67 L99.06,115.89 L95.50,122.34 L88.70,133.39","track":[[126.591796875,41.630859375],[95.15625,108.75],[28.037109375,192.01171875]],"r":23.30357142857143},{"d":"M95.50,122.34 Q99.57,127.10 102.21,129.99 Q104.84,132.88 106.46,135.68 Q108.07,138.49 108.33,141.21 Q108.58,143.92 107.22,150.04 Q105.86,155.65 104.93,165.33 Q103.99,175.02 103.82,187.76 L102.63,244.01 Q102.46,245.54 103.14,259.30 L103.65,275.10 Q104.16,284.11 103.99,286.49 Q103.65,290.23 102.21,295.24 Q100.76,300.25 99.06,303.31 Q97.37,306.37 95.67,308.07 Q93.97,309.77 92.78,309.85 Q91.59,309.94 89.55,306.88 Q87.34,303.99 85.81,300.59 Q84.28,297.19 83.18,293.88 Q82.07,290.57 81.22,286.91 Q80.37,283.26 80.54,280.88 Q80.54,278.67 82.24,272.89 Q83.94,267.12 84.62,262.27 Q85.30,257.43 86.07,245.71 Q86.83,233.98 87.00,232.79 L89.21,193.88 Q89.55,186.91 89.63,175.02 Q89.72,163.13 89.72,158.03 Q89.55,150.55 89.21,143.24 L88.70,133.39 L95.50,122.34","track":[[98.5546875,129.140625],[93.45703125,271.875],[94.306640625,305.859375]],"r":23.30357142857143},{"d":"M184.20,135.26 Q183.86,139.85 182.92,141.88 Q181.99,143.92 180.88,144.52 Q179.78,145.11 179.10,144.94 Q177.23,144.94 175.44,142.99 Q173.66,141.04 172.64,137.81 Q171.62,134.58 171.03,131.01 Q170.43,127.44 168.48,114.19 Q166.52,100.93 165.08,91.93 Q163.63,82.92 161.51,78.42 Q159.39,73.92 155.90,70.18 Q152.42,66.44 151.49,65.08 Q150.55,63.72 150.81,62.36 Q151.06,61.00 153.18,60.15 Q155.31,59.30 159.22,59.98 Q164.31,61.17 165.50,61.51 L169.92,63.21 Q175.87,63.72 176.72,76.13 Q177.57,81.56 178.67,88.27 Q179.78,94.99 180.63,102.29 L183.18,123.70 L184.20,135.26","track":[[163.974609375,64.5703125],[175.869140625,118.095703125],[177.568359375,140.185546875]],"r":23.30357142857143},{"d":"M165.50,61.51 L169.92,63.21 L213.25,56.24 Q222.09,54.88 228.88,53.44 Q235.68,52.00 241.37,50.47 Q247.07,48.94 251.65,46.98 Q256.24,45.03 258.11,44.86 Q260.15,44.86 266.52,47.07 Q272.89,49.28 275.87,50.98 Q278.84,52.68 285.30,57.60 Q291.76,62.53 291.42,65.76 Q291.08,67.63 289.72,69.50 L283.26,75.79 Q282.07,77.14 277.57,84.96 Q273.06,92.78 272.55,93.97 L260.83,121.15 Q236.70,135.34 244.86,115.55 Q246.56,108.92 247.58,104.67 Q248.60,100.42 250.63,90.91 Q252.67,81.39 253.61,76.97 Q254.54,72.56 255.14,69.84 Q255.73,67.12 254.80,65.50 Q253.86,63.89 250.55,63.38 Q247.24,62.87 241.97,63.55 L229.73,65.08 L215.97,67.63 L198.30,70.69 L176.72,76.13 L165.50,61.51","track":[[175.869140625,67.119140625],[242.98828125,58.623046875],[276.97265625,51.826171875],[271.875,68.818359375],[254.033203125,118.9453125]],"r":23.30357142857143},{"d":"M194.39,135.09 L184.20,135.26 Q183.86,139.85 182.92,141.88 Q181.99,143.92 180.88,144.52 Q176.08,134.11 183.18,123.70 Q189.29,122.85 192.52,122.34 L215.29,119.29 Q234.32,116.57 235.68,116.40 L244.86,115.55 L260.83,121.15 L263.72,124.89 Q265.25,127.10 264.74,128.38 Q264.23,129.65 257.43,129.99 L220.90,132.54 L194.39,135.09","track":[[191.162109375,128.291015625],[259.98046875,124.892578125]],"r":23.30357142857143},{"d":"M209.85,191.16 L196.26,193.03 Q191.16,193.88 182.24,195.16 Q173.32,196.43 168.48,197.53 Q163.63,198.64 157.09,200.85 Q150.55,203.06 147.49,202.89 Q144.43,202.89 139.34,201.36 Q134.24,199.83 129.48,197.62 Q124.72,195.41 122.43,192.18 Q120.13,188.95 120.98,187.76 Q121.83,186.57 125.74,186.06 L137.13,184.88 Q149.02,183.69 150.38,183.52 L163.80,182.50 L181.82,180.46 L199.49,178.59 L209.68,177.23 L227.87,176.04 L242.99,174.00 L258.45,172.30 L272.55,169.75 Q281.56,168.39 285.98,167.20 Q290.40,166.01 291.42,165.84 Q293.96,165.84 298.72,167.20 Q303.48,168.56 309.26,170.77 Q315.04,172.98 319.37,176.89 Q323.70,180.80 322.68,184.37 Q321.66,187.93 316.73,187.42 L306.71,186.74 Q293.96,185.89 286.49,186.06 L264.06,187.42 L242.99,187.93 L228.21,188.95 L209.85,191.16","track":[[126.591796875,192.861328125],[222.59765625,180.1171875],[317.75390625,176.71875]],"r":23.30357142857143},{"d":"M228.21,188.95 L226.85,283.43 Q226.68,287.34 225.49,294.98 Q224.30,302.63 223.28,306.20 Q222.26,309.77 219.96,313.25 Q217.67,316.73 215.63,316.56 Q213.93,316.56 211.55,313.42 Q209.17,310.28 206.46,303.14 Q203.74,296.00 203.14,292.44 Q202.55,288.87 203.06,286.15 Q203.06,285.13 204.59,280.37 Q206.12,275.61 206.88,269.75 Q207.64,263.89 208.41,256.16 Q209.17,248.43 209.34,241.12 L209.85,191.16 L209.68,177.23 Q209.68,171.96 209.60,165.84 Q209.51,159.73 208.58,155.31 Q207.64,150.89 206.29,146.22 Q204.93,141.54 204.42,140.19 L202.04,134.41 Q209.77,129.23 220.90,132.54 Q225.15,134.75 227.78,136.87 Q230.41,139.00 230.75,140.87 Q231.09,142.73 230.24,146.39 Q229.39,150.04 229.05,153.44 L228.54,164.65 L227.87,176.04 L228.21,188.95","track":[[217.5,135.087890625],[215.80078125,237.041015625],[216.650390625,315.205078125]],"r":23.30357142857143},{"d":"M126.93,288.02 L123.19,290.57 Q119.46,293.12 118.01,291.33 Q116.57,289.55 118.44,287.34 L119.96,285.47 Q123.87,280.71 125.83,278.16 Q127.78,275.61 135.43,264.99 Q143.07,254.37 146.64,247.92 L153.27,234.83 Q155.82,229.90 155.99,225.66 Q156.16,221.41 156.84,220.39 Q157.52,219.37 160.15,218.77 Q162.79,218.18 168.39,221.75 L174.00,225.49 Q178.93,228.71 181.22,231.77 Q183.52,234.83 182.50,237.21 Q181.82,238.57 177.99,240.69 Q174.17,242.82 172.05,244.86 Q169.92,246.90 166.10,251.57 Q162.28,256.24 156.33,262.70 Q150.38,269.16 145.54,273.49 Q140.70,277.82 134.66,282.33 Q128.63,286.83 126.93,288.02","track":[[171.62109375,228.544921875],[118.9453125,288.8671875]],"r":23.30357142857143},{"d":"M263.72,225.15 L259.47,219.54 Q258.11,218.01 259.64,216.65 Q261.17,215.29 263.72,216.31 L269.50,218.86 Q270.69,219.54 275.44,221.92 L288.19,228.54 Q297.36,233.81 305.43,241.12 Q313.51,248.43 315.97,254.37 Q318.43,260.32 318.86,268.56 Q319.28,276.80 316.90,279.61 Q314.53,282.41 310.45,282.24 Q306.71,282.24 303.40,279.18 Q300.08,276.12 293.29,265.59 L280.54,247.58 Q271.20,233.13 269.67,231.43 L263.72,225.15","track":[[260.830078125,218.349609375],[311.806640625,279.521484375]],"r":23.30357142857143}],"id":"保","sc":"保","tc":"保"}