{"stroke":[{"d":"M80.37,145.79 Q71.71,156.67 64.83,164.31 Q57.94,171.96 46.64,181.31 Q35.34,190.65 29.82,194.22 Q24.30,197.79 21.07,199.15 L18.01,200.51 Q16.31,201.36 15.29,200.51 Q14.27,199.66 15.46,198.30 L20.05,193.54 Q22.77,190.65 26.76,186.32 Q30.76,181.99 41.04,169.75 Q51.32,157.52 57.35,149.70 Q63.38,141.88 75.11,124.38 Q86.83,106.88 90.40,99.83 Q93.97,92.78 98.98,81.56 Q103.99,70.35 104.67,67.80 Q105.35,65.25 106.46,59.22 Q107.56,53.19 107.39,49.70 Q107.22,46.22 108.07,45.37 Q108.92,44.52 111.13,44.18 Q114.53,43.84 118.35,46.22 Q122.17,48.60 124.98,50.72 Q127.78,52.85 130.58,55.31 Q133.39,57.77 134.58,60.24 Q135.77,62.70 135.26,64.40 Q134.75,65.76 132.37,67.88 Q129.99,70.01 128.04,72.22 Q126.08,74.43 124.81,76.29 Q123.53,78.16 118.78,86.83 Q114.02,95.50 106.03,107.73 Q98.04,119.96 95.50,123.53 L89.21,132.37 L80.37,145.79","track":[[124.892578125,50.9765625],[76.294921875,135.59765625],[16.3125,198.80859375]],"r":23.30357142857143},{"d":"M89.21,132.37 Q91.93,135.09 94.39,137.38 Q96.86,139.68 99.15,142.56 Q101.44,145.45 101.61,147.15 Q101.78,148.85 99.91,156.16 Q99.23,158.37 98.55,165.08 Q97.88,171.79 97.28,178.08 Q96.69,184.37 96.69,193.71 L96.01,245.88 Q95.84,249.45 96.26,261.51 Q96.69,273.57 97.11,279.52 Q97.54,285.47 97.37,288.19 Q97.03,291.42 95.41,296.94 Q93.80,302.46 92.27,305.26 Q90.74,308.07 89.04,309.77 Q87.34,311.47 86.07,311.64 Q84.79,311.81 82.75,308.58 Q81.05,306.20 79.10,301.95 Q77.14,297.70 76.55,295.75 Q75.96,293.79 74.77,289.12 Q73.58,284.45 73.75,282.58 Q73.75,280.88 75.36,275.44 Q76.97,270.01 77.74,264.06 Q78.50,258.11 79.27,249.11 Q80.03,240.10 80.37,234.49 L82.24,179.78 L82.24,165.50 Q82.24,153.61 81.73,151.40 L80.37,145.79 L89.21,132.37","track":[[89.37890625,134.91796875],[88.869140625,218.349609375],[85.98046875,309.2578125]],"r":23.30357142857143},{"d":"M197.11,120.81 L172.98,123.02 Q169.58,123.36 159.22,123.62 Q148.85,123.87 143.75,123.02 Q138.66,122.17 136.02,119.96 Q133.39,117.76 133.22,116.40 Q133.05,115.04 134.15,113.85 Q135.26,112.66 137.64,112.32 L149.19,111.13 L170.26,108.41 L197.45,105.35 L218.01,101.78 L230.41,99.57 Q232.96,99.23 242.31,96.94 Q251.65,94.65 256.07,93.37 Q260.49,92.10 262.87,91.93 Q265.93,91.93 272.47,94.22 Q279.01,96.52 281.56,99.23 Q284.11,101.95 283.94,103.48 Q283.60,105.18 281.22,106.46 Q278.84,107.73 274.42,108.41 L256.24,112.32 Q248.60,114.02 237.38,115.38 L217.16,118.10 L197.11,120.81","track":[[135.9375,116.056640625],[209.00390625,111.46875],[280.880859375,100.59375]],"r":23.30357142857143},{"d":"M149.02,185.38 Q146.13,188.95 143.58,191.76 Q141.04,194.56 135.00,199.49 Q128.97,204.42 125.06,206.79 L116.91,211.89 Q115.38,212.91 114.53,211.30 Q113.68,209.68 115.04,208.15 L122.00,199.83 L129.82,190.65 Q131.86,187.93 138.06,178.08 Q144.26,168.22 146.13,164.14 Q148.00,160.07 149.28,155.22 Q150.55,150.38 150.47,146.47 Q150.38,142.56 151.32,141.38 Q152.25,140.19 155.31,140.02 Q157.86,140.02 164.06,143.58 Q170.26,147.15 172.81,149.53 Q175.36,151.91 175.02,153.95 Q174.68,155.48 171.62,157.86 Q168.56,160.24 167.20,161.60 L161.09,169.58 L154.46,178.42 L149.02,185.38","track":[[165.50390625,143.583984375],[116.56640625,210.533203125]],"r":23.30357142857143},{"d":"M154.46,178.42 Q158.88,179.44 162.96,180.29 Q167.03,181.14 172.13,183.18 Q177.23,185.21 179.35,188.36 Q181.48,191.50 181.65,195.83 Q181.82,200.17 181.14,202.04 Q180.46,203.74 178.42,205.86 Q176.38,207.98 173.41,208.24 Q170.43,208.49 166.69,205.61 Q164.14,203.91 160.66,199.49 Q157.18,195.07 153.44,190.48 L149.02,185.38 L154.46,178.42","track":[[154.458984375,181.306640625],[178.7578125,203.2265625]],"r":23.30357142857143},{"d":"M250.46,180.80 Q242.14,188.10 237.13,192.01 Q232.11,195.92 227.87,198.13 L223.45,200.51 Q220.05,202.38 218.77,201.19 Q217.50,200.00 218.52,198.64 L221.07,195.41 Q221.24,195.24 227.10,188.87 Q232.96,182.50 237.98,175.19 Q242.99,167.88 245.62,162.62 Q248.26,157.35 250.04,152.50 Q251.82,147.66 252.25,145.88 Q252.67,144.09 253.35,139.93 Q254.03,135.77 255.05,134.83 Q256.07,133.90 258.79,134.24 Q259.81,134.58 263.89,136.28 L270.18,138.83 Q271.88,139.85 275.61,142.39 Q279.35,144.94 279.44,147.15 Q279.52,149.36 276.97,151.40 L273.91,153.27 Q271.37,154.80 268.14,158.88 L260.83,168.22 L255.73,174.51 L250.46,180.80","track":[[268.81640625,140.525390625],[221.408203125,199.828125]],"r":23.30357142857143},{"d":"M255.73,174.51 Q261.17,175.70 264.82,176.63 Q268.48,177.57 275.61,179.95 Q282.75,182.33 286.06,185.21 Q289.38,188.10 290.65,190.99 Q291.93,193.88 292.01,197.45 Q292.10,201.02 290.14,204.25 Q288.19,207.47 283.94,207.47 Q281.56,207.64 278.08,205.61 Q274.59,203.57 268.56,198.55 Q262.53,193.54 259.13,190.31 Q255.73,187.08 254.03,184.88 L250.46,180.80 L260.83,168.22 L255.73,174.51 M250.46,180.80 L260.83,168.22","track":[[254.8828125,177.568359375],[290.056640625,201.017578125]],"r":23.30357142857143},{"d":"M197.45,105.35 Q197.62,94.48 197.45,90.57 Q197.28,86.66 196.43,74.17 Q195.58,61.68 194.73,56.84 Q193.88,52.00 190.99,47.66 Q188.10,43.33 187.93,40.95 Q187.76,38.57 189.63,37.04 Q191.50,35.51 196.43,36.02 Q203.74,37.04 206.88,37.98 Q210.02,38.91 216.48,42.23 Q222.94,45.54 223.28,47.92 Q223.62,50.30 222.26,54.21 Q220.73,58.11 220.30,60.49 Q219.88,62.87 219.54,68.48 Q219.20,74.09 219.03,78.33 L218.01,101.78 L217.16,118.10 Q215.97,132.03 214.95,144.43 Q213.93,156.84 213.08,165.08 Q212.23,173.32 210.19,187.25 L208.15,200.85 L204.59,214.44 Q200.00,225.49 195.67,235.17 Q191.33,244.86 183.94,256.50 Q176.55,268.14 167.63,276.55 Q158.71,284.96 149.96,290.74 Q141.21,296.51 132.20,300.76 Q123.19,305.01 116.40,306.03 L111.30,306.88 Q108.58,307.39 108.41,305.86 Q108.24,304.33 109.60,303.48 L117.59,298.72 Q121.32,296.51 128.80,291.08 Q136.28,285.64 142.82,279.61 Q149.36,273.57 157.77,263.55 Q166.18,253.52 171.20,244.94 Q176.21,236.36 180.88,225.06 Q185.55,213.76 188.10,203.82 Q190.65,193.88 191.67,186.57 Q192.69,179.27 194.39,160.75 Q196.09,142.22 196.26,141.21 L197.11,120.81 L197.45,105.35","track":[[206.455078125,39.591796875],[208.494140625,115.037109375],[202.716796875,183.005859375],[169.412109375,263.71875],[112.658203125,304.16015625]],"r":23.30357142857143},{"d":"M208.15,200.85 Q213.59,208.66 217.92,214.70 Q222.26,220.73 227.95,228.21 Q233.64,235.68 242.56,245.20 Q251.48,254.71 263.38,264.48 Q275.27,274.25 285.89,280.80 Q296.51,287.34 306.88,292.10 Q317.24,296.85 322.51,298.72 L329.31,301.27 Q332.37,302.46 332.54,305.01 Q332.71,307.56 328.63,308.07 L315.21,309.94 Q309.60,310.79 299.74,311.47 Q289.89,312.15 282.07,311.98 Q271.88,311.98 267.29,309.68 Q262.70,307.39 258.28,302.29 Q253.86,297.19 249.79,290.91 Q245.71,284.62 236.11,268.14 Q226.51,251.65 218.69,238.74 Q210.87,225.83 210.19,224.47 Q198.47,213.68 208.15,200.85","track":[[206.625,207.134765625],[242.98828125,261],[274.763671875,295.6640625],[328.96875,305.1796875]],"r":23.30357142857143}],"id":"俠","sc":"侠","tc":"俠"}