{"stroke":[{"d":"M80.71,135.94 Q72.90,146.64 69.16,150.81 Q65.42,154.97 54.63,165.42 Q43.84,175.87 34.15,181.31 L27.87,184.88 Q23.96,187.08 23.19,185.89 Q22.43,184.71 24.13,182.50 L29.23,176.72 Q49.28,154.12 55.73,145.96 Q62.19,137.81 71.79,120.81 Q81.39,103.82 88.02,90.14 Q94.65,76.46 98.47,66.52 Q102.29,56.58 102.89,48.51 Q103.48,40.44 103.91,39.08 Q104.33,37.72 105.01,36.96 Q105.69,36.19 108.41,36.36 Q110.79,36.70 114.78,38.91 Q118.78,41.12 122.26,43.84 Q125.74,46.56 127.95,49.62 Q130.16,52.68 130.25,54.63 Q130.33,56.58 124.38,64.40 Q123.19,65.93 121.41,69.07 Q119.63,72.22 113.51,82.24 L97.88,109.26 L89.38,122.85 L80.71,135.94","track":[[118.9453125,45.19921875],[26.16796875,185.21484375]],"r":23.30357142857143},{"d":"M89.38,122.85 Q93.63,127.95 95.33,130.42 Q97.03,132.88 100.08,137.98 Q103.14,143.07 103.40,144.86 Q103.65,146.64 101.44,155.48 Q100.76,158.20 100.08,166.95 Q99.40,175.70 99.40,176.72 L97.71,254.88 Q97.20,275.78 96.86,285.21 Q96.52,294.64 95.16,301.78 Q93.80,308.92 91.59,315.04 Q89.38,321.15 87.76,322.60 Q86.15,324.04 84.71,324.38 Q83.26,324.72 80.54,321.15 Q76.97,317.07 73.83,309.09 Q70.69,301.10 70.26,296.85 Q69.84,292.61 73.75,278.84 Q75.96,270.86 77.31,261.42 Q78.67,251.99 79.86,239.67 Q81.05,227.36 81.39,211.21 L82.41,161.26 Q82.41,157.18 81.73,148.00 L80.71,135.94 L89.38,122.85","track":[[88.69921875,128.80078125],[84.62109375,322.51171875]],"r":23.30357142857143},{"d":"M198.13,72.39 L165.84,74.60 Q161.43,74.94 158.03,75.02 Q154.63,75.11 152.25,74.51 Q149.87,73.92 145.28,71.88 Q140.70,69.84 141.46,68.39 Q142.22,66.95 143.92,65.93 L165.50,63.72 L198.13,59.47 L220.22,55.73 L240.78,52.00 L251.82,48.77 Q256.75,47.41 260.49,47.41 Q264.23,47.58 268.82,49.19 Q273.40,50.81 275.70,52.68 Q277.99,54.54 278.08,55.73 Q278.16,56.92 277.14,58.28 Q276.12,59.64 270.01,61.09 Q263.89,62.53 258.45,63.38 L220.05,69.50 L198.13,72.39","track":[[144.7734375,68.6484375],[275.61328125,54.375]],"r":23.30357142857143},{"d":"M197.28,104.67 L181.48,106.88 Q176.04,107.73 171.71,107.48 Q167.37,107.22 165.08,106.46 Q162.79,105.69 159.81,103.65 Q156.84,101.61 157.18,99.74 Q157.18,98.89 158.37,97.88 Q159.56,96.86 162.11,96.77 Q164.65,96.69 173.49,95.50 L197.45,92.27 L218.35,88.19 L230.75,85.98 L239.76,83.60 Q242.65,82.92 244.86,82.75 Q247.07,82.75 251.57,83.52 Q256.07,84.28 261.17,86.66 Q266.27,89.04 265.67,90.31 Q265.08,91.59 263.12,92.95 Q261.17,94.31 253.35,95.50 L218.01,101.10 L197.28,104.67","track":[[163.634765625,101.2734375],[262.69921875,90.3984375]],"r":23.30357142857143},{"d":"M197.62,129.31 L197.28,104.67 L197.45,92.27 L198.13,72.39 L198.13,59.47 L197.62,44.52 Q197.45,40.95 196.34,35.17 Q195.24,29.40 194.14,26.76 Q193.03,24.13 192.61,22.85 Q192.18,21.58 192.86,20.22 Q193.54,18.86 195.33,18.18 Q197.11,17.50 200.85,18.18 Q206.96,19.54 214.10,22.00 Q221.24,24.47 223.02,26.42 Q224.81,28.38 224.81,30.59 Q224.64,31.61 223.45,34.49 Q222.26,37.38 221.41,45.20 L220.22,55.73 L220.05,69.50 L218.35,88.19 L218.01,101.10 L215.46,127.10 Q205.18,151.32 197.62,129.31","track":[[209.00390625,23.109375],[205.9453125,137.63671875]],"r":23.30357142857143},{"d":"M215.46,127.10 L260.49,122.00 L278.16,119.29 L290.57,117.42 Q297.02,116.40 299.40,116.23 Q303.48,116.23 308.07,117.50 Q312.66,118.78 317.07,121.07 Q321.49,123.36 323.19,125.49 Q324.89,127.61 324.55,129.74 Q324.21,131.86 318.94,132.03 L307.56,132.54 L292.44,133.22 Q273.91,134.07 266.35,134.58 Q258.79,135.09 241.54,136.62 Q224.30,138.15 209.00,139.68 Q193.71,141.21 179.18,143.07 Q164.65,144.94 154.46,146.56 Q144.26,148.17 138.49,149.87 Q132.71,151.57 130.67,151.57 Q127.78,151.74 124.64,150.47 Q121.49,149.19 118.01,147.32 Q114.53,145.45 112.57,142.99 Q110.62,140.53 111.30,139.25 Q111.98,137.98 116.06,137.64 L128.63,136.96 Q131.86,136.79 146.81,135.09 L172.64,132.54 L197.62,129.31 L215.46,127.10","track":[[120.64453125,143.75390625],[319.79296875,125.0625]],"r":23.30357142857143},{"d":"M168.73,266.61 Q167.88,270.52 166.61,272.64 Q165.33,274.76 163.55,275.02 Q161.77,275.27 159.56,273.06 Q157.69,271.37 155.48,266.95 Q153.27,262.53 152.50,259.47 Q151.74,256.41 151.91,253.69 Q151.91,251.14 153.86,244.77 Q155.82,238.40 157.18,231.60 Q158.54,224.81 158.88,220.22 L160.07,190.65 Q160.24,185.04 159.56,179.61 Q158.88,174.17 157.94,171.37 Q157.01,168.56 155.05,164.23 Q153.10,159.90 153.95,158.71 Q154.29,158.20 155.73,157.69 Q157.18,157.18 159.73,157.52 Q162.28,158.03 165.50,159.39 L172.98,162.62 Q176.72,165.67 175.02,172.13 L174.51,195.07 L174.51,202.55 Q173.49,212.40 173.49,214.10 L172.64,226.85 L171.96,233.47 Q171.79,244.86 171.45,247.75 L170.43,255.56 L168.73,266.61","track":[[165.84375,161.42578125],[163.46484375,273.9140625]],"r":23.30357142857143},{"d":"M172.98,162.62 L218.35,155.48 Q239.42,152.25 242.82,151.15 Q246.22,150.04 247.75,149.87 Q250.29,149.70 256.24,151.23 Q262.19,152.76 269.50,157.43 Q276.80,162.11 276.63,166.01 Q276.46,167.37 274.42,171.28 Q272.38,175.19 271.03,181.05 Q269.67,186.91 269.84,196.26 L270.01,232.96 L270.86,251.48 Q270.35,258.79 267.71,265.84 Q265.08,272.89 262.87,274.42 Q260.66,275.95 258.62,275.78 Q257.77,275.78 256.75,275.53 Q255.73,275.27 254.46,274.51 Q253.18,273.74 251.99,270.35 L247.58,259.81 Q246.73,253.10 248.26,249.79 L249.11,223.96 L248.77,221.75 L249.11,193.37 L248.94,188.95 L248.94,174.85 Q248.94,170.94 248.77,169.24 Q248.60,167.54 246.81,165.50 Q245.03,163.46 240.78,162.79 Q237.04,162.45 228.97,163.97 Q220.90,165.50 220.73,165.50 L175.02,172.13 L172.98,162.62","track":[[173.3203125,163.8046875],[239.58984375,146.8125],[262.69921875,146.47265625],[259.30078125,274.59375]],"r":23.30357142857143},{"d":"M249.11,193.37 Q241.46,195.07 239.33,195.50 Q237.21,195.92 221.92,198.13 L201.87,201.36 Q189.80,203.23 185.38,202.89 L174.51,202.55 L174.51,195.07 Q183.35,194.05 188.87,193.29 Q194.39,192.52 205.78,190.48 Q217.16,188.44 224.30,186.91 Q231.43,185.38 234.66,185.21 Q239.42,185.21 241.97,186.23 L248.94,188.95 L249.11,193.37","track":[[177.05859375,197.44921875],[247.74609375,190.3125]],"r":23.30357142857143},{"d":"M249.11,223.96 Q241.80,226.17 239.76,226.59 Q237.72,227.02 225.49,228.71 L205.27,232.11 L188.61,233.81 Q179.95,234.83 178.59,234.49 L171.96,233.47 L172.64,226.85 Q186.57,225.15 194.31,223.87 Q202.04,222.60 213.00,220.22 Q223.96,217.84 227.95,217.33 Q231.94,216.82 235.00,216.99 Q239.59,217.33 241.63,218.35 L248.77,221.75 L249.11,223.96","track":[[174.33984375,229.39453125],[247.06640625,222.9375]],"r":23.30357142857143},{"d":"M176.04,266.95 L168.73,266.61 Q167.88,270.52 166.61,272.64 L170.43,255.56 Q180.97,255.22 186.57,254.80 Q192.18,254.37 203.65,253.10 Q215.12,251.82 224.55,250.21 Q233.98,248.60 235.00,248.60 L248.26,249.79 Q244.56,259.43 254.46,274.51 Q253.18,273.74 251.99,270.35 L247.58,259.81 Q233.13,261.51 220.05,263.12 Q206.96,264.74 202.89,264.74 L184.37,265.59 L176.04,266.95","track":[[172.130859375,262.189453125],[246.7265625,254.8828125]],"r":23.30357142857143},{"d":"M184.37,265.59 Q190.14,268.31 195.24,270.35 Q200.34,272.38 202.29,274.68 Q204.25,276.97 204.08,279.52 Q203.91,280.71 203.23,281.82 Q202.55,282.92 197.19,285.30 Q191.84,287.68 187.76,291.08 Q183.69,294.47 175.19,301.02 Q166.69,307.56 159.81,312.06 Q152.93,316.56 145.62,320.39 Q138.32,324.21 134.07,325.91 L127.27,328.80 Q123.53,330.50 122.51,328.97 Q121.49,327.44 125.91,324.04 L133.22,318.43 Q139.85,313.34 145.28,308.32 Q150.72,303.31 158.71,294.90 Q166.69,286.49 170.35,281.65 Q174.00,276.80 174.17,275.44 L176.04,266.95 L184.37,265.59","track":[[193.03125,270.85546875],[126.421875,328.62890625]],"r":23.30357142857143},{"d":"M230.75,283.94 L224.64,277.99 Q221.41,275.10 222.60,273.49 Q223.79,271.88 227.70,273.06 L236.87,275.95 Q242.14,277.82 249.70,281.48 Q257.26,285.13 264.65,289.38 Q272.04,293.63 276.29,298.47 Q280.54,303.31 282.24,307.73 Q283.94,312.15 284.02,318.52 Q284.11,324.89 281.56,327.27 Q279.01,329.65 276.04,330.33 Q273.06,331.01 267.12,325.91 Q263.04,322.68 256.92,315.12 Q250.80,307.56 245.96,301.10 Q241.12,294.64 239.33,292.69 Q237.55,290.74 230.75,283.94",