{"stroke":[{"d":"M82.07,144.60 Q79.52,148.00 73.83,155.48 Q68.14,162.96 59.81,171.37 Q51.49,179.78 43.75,186.49 Q36.02,193.20 32.63,195.24 L26.85,198.81 Q22.94,201.19 21.75,199.91 Q20.56,198.64 24.81,193.71 L28.89,189.29 Q33.13,184.71 37.21,180.03 Q41.29,175.36 47.15,167.46 Q53.02,159.56 61.00,147.92 Q68.99,136.28 74.00,127.87 Q79.01,119.46 85.90,106.03 Q92.78,92.61 96.01,84.11 Q99.23,75.62 100.93,68.31 Q102.63,61.00 103.14,56.24 Q103.48,51.66 103.06,48.17 Q102.63,44.69 102.80,43.67 Q102.97,41.80 104.25,40.70 Q105.52,39.59 107.73,39.25 Q110.28,39.08 114.61,41.21 Q118.95,43.33 124.55,48.09 Q130.16,52.85 131.09,54.88 Q132.03,56.92 132.03,58.45 Q131.86,60.15 130.67,61.68 L127.44,64.74 Q125.57,66.61 123.53,70.09 Q121.49,73.58 118.78,79.18 L112.32,92.95 Q107.39,103.14 102.46,111.89 Q97.54,120.64 94.31,126.08 L87.85,136.79 L82.07,144.60","track":[[117.755859375,50.296875],[107.05078125,78.673828125],[89.37890625,124.04296875],[33.3046875,191.33203125],[23.109375,199.828125]],"r":23.30357142857143},{"d":"M87.85,136.79 Q90.23,137.81 91.84,138.57 Q93.46,139.34 96.60,141.71 Q99.74,144.09 102.29,146.73 Q104.84,149.36 105.10,150.98 Q105.35,152.59 103.82,158.88 Q103.31,160.92 103.06,164.57 Q102.80,168.22 101.87,176.63 Q100.93,185.04 100.93,192.86 L99.23,272.72 L98.72,297.19 Q98.21,300.93 97.37,303.65 Q96.52,306.37 94.65,310.45 Q92.78,314.53 91.25,316.39 Q89.72,318.26 88.02,318.52 Q86.32,318.77 83.94,315.71 Q82.07,313.68 80.12,308.92 Q78.16,304.16 77.14,301.70 Q76.13,299.23 75.19,296.09 Q74.26,292.95 74.60,289.55 Q74.60,287.85 76.21,282.75 Q77.82,277.65 79.35,269.41 Q80.88,261.17 81.65,256.07 Q82.41,250.97 83.26,241.97 Q84.11,232.96 85.05,220.73 Q85.98,208.49 86.41,196.51 Q86.83,184.54 86.83,175.87 Q86.66,169.24 86.32,162.19 Q85.98,155.14 85.47,153.61 L82.07,144.60 Q81.56,139.00 87.85,136.79","track":[[95.666015625,145.453125],[94.4765625,164.14453125],[95.15625,215.12109375],[91.078125,260.490234375],[88.359375,310.27734375]],"r":23.30357142857143},{"d":"M203.74,86.83 L204.93,53.70 Q204.93,49.62 204.50,44.69 Q204.08,39.76 202.72,35.51 Q201.36,31.27 200.00,28.80 Q198.64,26.34 198.38,24.30 Q198.13,22.26 199.40,21.24 Q200.68,20.22 203.23,20.22 Q207.64,20.39 210.70,21.07 Q213.76,21.75 218.52,23.36 Q223.28,24.98 224.89,26.85 Q226.51,28.72 226.59,30.25 Q226.68,31.78 225.15,35.51 Q223.96,38.23 223.19,41.80 Q222.43,45.37 222.09,48.68 Q221.75,52.00 221.58,56.92 L220.05,85.30 Q211.89,99.66 203.74,86.83","track":[[209.00390625,24.298828125],[210.873046875,88.529296875]],"r":23.30357142857143},{"d":"M160.24,46.22 L163.63,46.90 Q167.88,47.92 171.20,49.02 Q174.51,50.13 178.76,52.17 Q183.01,54.21 184.79,56.58 Q186.57,58.96 187.34,64.57 Q188.10,70.18 186.40,73.41 Q184.71,76.63 181.56,77.06 Q178.42,77.48 174.34,73.75 Q171.79,71.71 167.29,66.27 Q162.79,60.83 161.60,58.79 L159.05,54.71 L156.50,50.81 Q154.46,48.09 155.05,47.24 Q155.65,46.39 156.67,46.13 Q157.69,45.88 160.24,46.22","track":[[162.4453125,51.99609375],[178.927734375,66.779296875]],"r":23.30357142857143},{"d":"M244.69,73.58 L241.29,75.11 Q238.74,76.29 237.98,74.85 Q237.21,73.41 239.08,71.20 L242.31,67.46 Q244.86,64.57 247.32,61.17 Q249.79,57.77 253.86,51.74 Q257.94,45.71 259.47,42.48 Q261.00,39.25 261.59,35.94 Q262.19,32.63 263.21,31.78 Q264.23,30.93 268.31,31.95 Q273.40,33.47 277.48,36.62 Q281.56,39.76 284.87,44.26 Q288.19,48.77 287.17,50.98 Q286.49,52.34 285.30,52.93 Q284.11,53.53 280.12,54.71 Q276.12,55.90 272.04,58.11 L260.83,64.57 L249.96,70.69 Q246.05,73.07 244.69,73.58","track":[[273.57421875,41.80078125],[243.498046875,71.876953125]],"r":23.30357142857143},{"d":"M148.51,100.08 Q148.51,106.37 148.17,110.87 Q147.83,115.38 146.30,120.64 Q144.77,125.91 142.48,130.42 Q140.19,134.92 137.30,137.21 Q134.41,139.51 132.11,139.59 Q129.82,139.68 127.44,135.94 Q125.40,133.39 124.72,129.40 Q124.04,125.40 123.96,121.83 Q123.87,118.27 124.89,115.89 Q125.23,115.04 127.19,112.15 Q129.14,109.26 131.09,105.27 Q133.05,101.27 134.07,98.64 Q135.09,96.01 136.45,90.91 Q137.81,85.81 138.06,83.09 Q138.32,80.37 139.08,79.27 Q139.85,78.16 141.21,78.08 Q142.56,77.99 144.26,80.54 Q145.62,82.92 145.96,84.11 L147.49,90.74 L148.51,100.08","track":[[142.0546875,88.359375],[135.2578125,133.048828125]],"r":23.30357142857143},{"d":"M147.49,90.74 L152.93,90.40 L171.62,89.55 Q183.52,89.04 195.58,87.68 L203.74,86.83 L220.05,85.30 Q223.11,85.13 233.73,83.94 Q244.35,82.75 251.82,81.56 Q259.30,80.37 271.71,78.25 Q284.11,76.13 288.87,74.77 Q293.63,73.41 295.49,73.41 Q298.38,73.58 301.78,75.11 Q305.18,76.63 310.79,81.39 Q316.39,86.15 319.62,89.12 Q322.85,92.10 324.72,95.07 Q326.59,98.04 326.25,99.74 Q325.74,101.78 323.62,102.97 Q321.49,104.16 316.48,104.59 Q311.47,105.01 301.78,108.07 L290.06,111.47 L278.50,114.87 Q274.76,116.06 274.00,114.78 Q273.23,113.51 275.27,111.30 L283.94,101.78 Q289.89,95.33 290.23,92.86 Q290.57,90.40 289.72,88.95 Q288.87,87.51 281.73,87.85 Q274.59,88.19 266.95,89.04 L240.10,92.10 Q218.18,94.65 215.97,94.82 L196.60,96.69 Q188.27,97.71 182.50,98.55 L171.62,100.42 Q164.99,101.44 161.85,102.29 Q158.71,103.14 158.03,103.14 Q154.97,103.31 152.08,101.78 L148.51,100.08 Q139.51,96.60 147.49,90.74","track":[[151.740234375,96.17578125],[209.513671875,92.77734375],[278.671875,76.974609375],[304.330078125,77.314453125],[322.8515625,100.25390625],[279.521484375,113.5078125]],"r":23.30357142857143},{"d":"M192.69,148.68 Q191.16,154.63 189.72,155.39 Q188.27,156.16 188.10,156.16 Q187.76,156.33 186.83,155.73 Q185.89,155.14 184.62,152.59 Q183.35,150.04 182.50,145.62 L179.27,129.99 Q178.08,125.06 176.97,122.17 Q175.87,119.29 174.34,117.25 L171.79,114.53 Q170.94,113.51 170.86,112.32 Q170.77,111.13 172.47,110.11 Q173.66,109.43 177.06,110.11 L185.21,112.15 L188.61,120.81 L191.84,140.70 L192.69,148.68","track":[[177.73828125,115.546875],[188.61328125,147.83203125]],"r":23.30357142857143},{"d":"M185.21,112.15 L205.95,109.09 Q206.79,109.09 221.92,106.20 L231.43,104.50 Q234.83,103.99 237.38,103.06 Q239.93,102.12 240.95,101.95 Q242.31,101.95 244.94,103.23 Q247.58,104.50 252.08,107.90 Q256.58,111.30 257.43,113.17 Q258.28,115.04 257.94,116.23 Q257.60,117.08 255.73,118.69 Q253.86,120.30 251.40,124.04 Q248.94,127.78 248.09,129.82 L244.35,137.98 Q232.71,146.81 233.30,136.28 L236.36,123.70 Q237.55,118.27 237.64,117.08 Q237.72,115.89 236.70,114.87 Q235.68,113.85 233.90,113.51 Q232.11,113.17 229.73,113.17 Q226.51,113.34 222.60,113.68 Q218.69,114.02 207.98,115.97 Q197.28,117.93 194.22,118.95 L188.61,120.81 Q181.14,116.48 185.21,112.15","track":[[192.01171875,116.056640625],[240.94921875,100.423828125],[258.28125,113.84765625],[236.19140625,142.734375]],"r":23.30357142857143},{"d":"M244.35,137.98 L247.41,141.21 Q248.60,142.56 248.51,143.33 Q248.43,144.09 247.75,144.60 Q247.07,145.11 240.95,145.45 L235.17,145.79 Q231.09,146.13 220.47,147.07 Q209.85,148.00 206.63,148.00 L192.69,148.68 Q184.28,145.20 191.84,140.70 Q200.51,140.36 204.93,139.85 L225.32,136.79 L233.30,136.28 L244.35,137.98","track":[[195.41015625,144.43359375],[248.0859375,142.734375]],"r":23.30357142857143},{"d":"M171.28,216.65 Q169.58,220.73 167.80,221.49 Q166.01,222.26 164.40,221.41 Q162.79,220.56 161.43,218.35 Q160.07,216.14 158.88,209.17 L154.80,186.74 Q153.61,180.29 152.59,177.14 Q151.57,174.00 149.87,171.96 L146.47,168.56 Q145.28,167.03 145.45,165.67 Q145.62,164.31 147.32,163.04 Q149.02,161.77 152.42,162.28 L167.03,164.14 Q169.92,168.22 167.37,172.30 L170.94,207.30 L171.28,216.65","track":[[160.236328125,168.732421875],[165.84375,218.51953125]],