{"stroke":[{"d":"M96.35,108.07 Q96.69,110.96 95.50,113.85 Q94.31,116.74 91.33,117.42 Q88.36,118.10 84.11,115.04 L76.46,109.09 Q70.69,104.84 64.83,102.63 Q58.96,100.42 57.01,99.15 Q55.05,97.88 54.71,96.35 Q54.38,94.82 55.56,92.44 Q56.07,91.59 59.22,87.42 Q62.36,83.26 65.84,76.46 Q69.33,69.67 71.88,64.40 Q74.43,59.13 75.87,55.65 Q77.31,52.17 78.16,47.66 Q79.01,43.16 79.35,42.31 Q79.69,41.46 80.80,40.36 Q81.90,39.25 86.66,41.97 Q89.21,43.67 92.52,46.81 Q95.84,49.96 97.96,53.10 Q100.08,56.24 99.57,58.45 Q99.06,60.32 97.20,61.68 L92.44,64.06 Q90.57,65.25 86.66,69.50 Q82.75,73.75 80.20,76.80 L69.67,90.06 Q67.63,92.44 67.80,93.29 Q67.80,94.99 76.55,96.43 Q85.30,97.88 88.95,99.06 Q92.61,100.25 94.31,103.06 Q96.01,105.86 96.35,108.07","track":[[88.359375,48.59765625],[57.263671875,94.4765625],[91.7578125,109.76953125]],"r":23.30357142857143},{"d":"M113.85,86.32 Q113.85,86.66 119.46,87.68 L131.69,90.06 Q135.60,91.59 137.72,94.14 Q139.85,96.69 140.02,101.10 Q140.19,105.52 138.57,107.48 Q136.96,109.43 134.92,109.43 Q133.05,109.60 130.50,107.73 L115.89,97.20 Q104.50,92.44 103.40,90.74 Q102.29,89.04 102.46,87.17 Q102.46,85.98 103.82,83.94 L108.07,77.31 Q110.62,72.90 115.72,60.66 L119.96,50.30 Q121.66,45.88 121.83,43.33 L121.83,39.59 Q122.00,36.87 124.04,35.43 Q126.08,33.98 131.69,38.06 Q134.75,40.44 137.98,44.26 Q141.21,48.09 142.05,50.04 Q142.90,52.00 142.56,53.70 Q142.05,55.73 139.85,57.43 L135.60,60.32 Q133.39,62.02 130.84,64.57 L121.83,75.11 Q117.08,80.54 115.29,83.26 Q113.51,85.98 113.85,86.32","track":[[130.83984375,45.87890625],[106.201171875,87.33984375],[135.767578125,100.59375]],"r":23.30357142857143},{"d":"M157.69,78.67 Q157.69,79.18 162.45,80.54 L176.55,83.77 Q183.52,86.15 185.47,89.63 Q187.42,93.12 187.42,96.69 Q187.25,100.59 185.64,102.21 Q184.03,103.82 181.65,103.91 Q179.27,103.99 175.36,101.10 Q163.63,92.95 162.79,92.27 L147.15,84.79 Q145.96,84.11 145.45,83.43 Q144.94,82.75 144.77,82.07 Q144.60,81.39 144.52,80.20 Q144.43,79.01 145.96,76.29 Q146.47,75.45 151.49,68.65 Q156.50,61.85 160.07,53.95 Q163.63,46.05 164.99,41.72 Q166.35,37.38 166.69,34.58 Q167.03,31.78 167.71,30.84 Q168.39,29.91 170.26,29.48 Q172.13,29.06 175.70,31.44 Q178.59,33.64 181.56,36.70 Q184.54,39.76 186.23,43.16 Q187.93,46.56 187.42,47.92 Q186.91,49.11 185.21,50.30 L182.33,52.34 Q180.29,53.87 177.57,56.58 L171.45,62.70 Q162.96,70.69 160.15,74.34 Q157.35,77.99 157.69,78.67","track":[[181.13671875,38.40234375],[149.87109375,80.54296875],[182.49609375,95.8359375]],"r":23.30357142857143},{"d":"M88.70,195.92 L87.68,199.15 Q85.81,204.76 83.77,204.93 Q81.73,205.10 80.20,203.99 Q78.67,202.89 77.40,200.93 Q76.13,198.98 74.43,188.61 L69.50,160.07 Q66.95,146.30 64.74,142.05 Q62.53,137.81 60.15,135.43 L56.07,132.03 Q55.05,131.35 54.88,130.42 Q54.71,129.48 56.41,128.38 Q58.11,127.27 62.36,127.95 L69.67,128.80 L75.96,130.16 L79.69,137.30 L84.45,158.54 L85.47,165.84 L87.68,186.40 L88.70,195.92","track":[[65.080078125,130.16015625],[81.5625,200.5078125]],"r":23.30357142857143},{"d":"M75.96,130.16 Q79.69,130.16 81.48,129.91 Q83.26,129.65 91.42,128.29 L114.70,124.89 Q123.36,123.36 137.13,119.63 L156.67,114.19 Q161.60,112.83 164.31,112.83 Q167.03,113.00 170.43,114.19 Q173.83,115.38 176.55,116.57 L185.55,121.83 Q189.46,124.04 190.40,125.91 Q191.33,127.78 190.82,129.23 Q190.31,130.67 187.34,133.81 Q184.37,136.96 182.67,142.56 L171.45,178.93 Q167.88,190.31 166.18,192.44 Q164.48,194.56 160.83,195.75 Q157.18,196.94 154.88,194.65 Q152.59,192.35 152.59,190.82 L152.59,188.44 L154.46,179.95 L160.92,155.31 L161.77,151.57 L163.80,136.79 Q164.65,130.67 164.23,128.80 Q163.80,126.93 162.62,125.83 Q161.43,124.72 158.54,125.06 Q155.65,125.40 152.08,125.91 L122.85,131.18 L108.92,133.39 L79.69,137.30 L75.96,130.16","track":[[82.072265625,134.23828125],[161.935546875,121.6640625],[180.626953125,129.650390625],[162.4453125,189.123046875]],"r":23.30357142857143},{"d":"M84.45,158.54 Q96.52,157.18 99.06,156.67 L112.32,154.29 L128.29,151.57 Q134.07,150.55 139.59,149.19 Q145.11,147.83 149.28,147.75 Q153.44,147.66 156.33,149.02 L161.77,151.57 L160.92,155.31 Q158.03,156.33 156.67,156.67 L142.39,158.88 L128.29,160.92 L112.83,163.29 Q106.20,164.82 100.68,165.76 Q95.16,166.69 90.57,166.18 L85.47,165.84 L84.45,158.54","track":[[87.6796875,161.935546875],[158.02734375,152.9296875]],"r":23.30357142857143},{"d":"M112.66,193.37 L88.70,195.92 L87.68,199.15 L87.68,186.40 L113.17,183.18 L127.95,179.95 Q134.24,178.59 138.23,178.08 Q142.22,177.57 145.96,178.08 L151.91,179.44 L154.46,179.95 L154.88,194.65 Q152.59,192.35 152.59,190.82 L152.59,188.44 L127.95,191.16 L112.66,193.37","track":[[88.359375,190.3125],[150.041015625,184.53515625]],"r":23.30357142857143},{"d":"M127.61,210.70 L163.46,205.44 Q175.19,203.74 179.01,203.99 Q182.84,204.25 188.10,206.37 Q193.37,208.49 194.39,211.30 Q195.41,214.10 194.56,215.80 Q193.37,218.01 187.08,217.75 Q180.80,217.50 169.07,218.69 L127.10,222.94 L94.31,228.04 L76.46,230.58 Q70.18,231.60 66.69,232.45 Q63.21,233.30 57.01,235.77 Q50.81,238.23 48.09,238.06 Q45.54,238.06 41.89,236.96 Q38.23,235.85 35.43,234.58 Q32.63,233.30 28.29,230.50 Q23.96,227.70 24.38,225.57 Q24.81,223.45 27.36,223.11 L35.17,222.43 Q40.61,222.09 50.13,220.98 Q59.64,219.88 71.03,218.43 Q82.41,216.99 95.50,214.95 L112.15,212.40 L127.61,210.70","track":[[34.494140625,232.11328125],[190.822265625,211.212890625]],"r":23.30357142857143},{"d":"M112.15,212.40 L112.66,193.37 L113.17,183.18 L112.83,163.29 L112.32,154.29 Q112.49,143.58 111.47,140.87 L108.92,133.39 L122.85,131.18 Q126.25,132.71 127.95,134.07 Q129.65,135.43 129.99,136.62 Q130.33,137.81 130.16,139.17 L128.80,144.94 L128.29,151.57 L128.29,160.92 L127.95,179.95 L127.95,191.16 L127.61,210.70 L127.10,222.94 L126.93,228.54 L126.59,234.66 L123.70,294.13 Q123.53,297.36 122.94,303.82 Q122.34,310.28 120.73,314.53 Q119.12,318.77 116.82,318.86 Q114.53,318.94 112.83,317.41 Q111.13,316.22 108.07,308.24 L105.18,301.10 Q104.50,298.89 104.84,294.98 Q105.01,291.25 106.37,283.17 Q107.73,275.10 108.92,268.48 Q110.11,261.85 110.45,259.30 L112.32,236.70 L112.15,212.40","track":[[117.755859375,133.55859375],[115.546875,313.67578125]],"r":23.30357142857143},{"d":"M112.32,236.70 Q106.03,244.86 100.76,251.06 Q95.50,257.26 86.32,265.42 Q77.14,273.57 67.29,280.20 Q57.43,286.83 48.26,290.91 Q39.08,294.98 36.19,295.66 L30.08,297.36 Q28.21,297.87 27.70,296.60 Q27.19,295.32 28.21,294.64 L33.81,290.74 Q38.23,287.68 46.39,281.39 Q54.54,275.10 66.95,262.78 Q79.35,250.46 86.66,239.42 L94.31,228.04 Q116.40,216.57 112.32,236.70","track":[[102.462890625,232.79296875],[82.072265625,258.791015625],[63.380859375,275.783203125],[32.28515625,295.6640625]],"r":23.30357142857143},{"d":"M126.93,228.54 Q129.99,229.56 137.55,231.69 Q145.11,233.81 152.50,236.62 Q159.90,239.42 167.29,243.50 Q174.68,247.58 177.06,252.25 Q179.44,256.92 179.35,262.78 Q179.27,268.65 176.29,270.43 Q173.32,272.21 168.48,271.20 Q163.63,270.18 151.57,258.45 L126.59,234.66 L126.93,228.54","track":[[127.951171875,232.11328125],[173.830078125,267.287109375]],