{"stroke":[{"d":"M156.67,182.33 L143.24,183.86 Q140.36,184.20 129.65,184.79 Q118.95,185.38 115.38,185.04 Q108.41,184.71 101.02,182.84 Q93.63,180.97 91.42,178.16 Q89.21,175.36 89.55,174.00 Q89.72,172.64 93.80,172.22 Q97.88,171.79 106.46,170.77 Q115.04,169.75 125.40,168.65 Q135.77,167.54 140.36,166.86 L156.67,164.48 L179.61,160.75 L198.47,157.52 Q203.06,156.84 209.68,154.97 L221.92,151.57 Q226.51,150.38 229.05,150.21 Q232.28,150.21 238.66,152.00 Q245.03,153.78 249.70,157.69 Q254.37,161.60 254.03,163.63 Q253.52,165.50 249.36,167.46 Q245.20,169.41 237.30,170.77 Q229.39,172.13 220.30,173.92 Q211.21,175.70 207.30,176.21 L179.44,179.95 L156.67,182.33","track":[[92.4375,178.078125],[175.529296875,170.94140625],[251.484375,162.4453125]],"r":23.30357142857143},{"d":"M156.67,164.48 L157.18,117.59 Q157.18,109.60 156.92,102.12 Q156.67,94.65 155.90,87.93 Q155.14,81.22 153.52,75.70 Q151.91,70.18 149.19,65.76 Q146.47,61.34 145.71,59.56 Q144.94,57.77 145.96,55.73 Q146.98,53.70 148.94,52.93 Q150.89,52.17 155.99,52.85 Q165.50,54.54 168.22,55.22 Q170.94,55.90 177.91,59.13 Q184.88,62.36 187.85,65.00 Q190.82,67.63 190.91,69.50 Q190.99,71.37 188.95,75.28 Q187.25,78.33 186.06,82.58 Q184.88,86.83 183.77,93.29 Q182.67,99.74 181.82,109.09 Q180.97,118.44 180.63,129.65 L179.61,160.75 L179.44,179.95 L177.57,261.68 Q166.95,280.20 156.33,263.72 L156.67,182.33 L156.67,164.48","track":[[164.14453125,54.884765625],[175.69921875,85.470703125],[169.2421875,147.83203125],[167.54296875,267.287109375]],"r":23.30357142857143},{"d":"M177.57,261.68 L237.89,256.24 Q240.27,256.07 249.70,254.80 Q259.13,253.52 267.29,252.59 Q275.44,251.65 278.67,251.82 Q283.09,252.16 287.00,253.52 Q290.91,254.88 296.77,257.94 Q302.63,261.00 305.77,263.21 Q308.92,265.42 310.87,268.82 Q312.83,272.21 311.89,273.91 Q310.96,275.61 307.39,276.55 Q303.82,277.48 296.51,277.06 Q289.21,276.63 269.41,276.55 Q249.62,276.46 241.29,276.46 Q228.38,276.80 204.42,277.99 Q180.46,279.18 169.58,280.20 Q158.71,281.22 140.78,283.26 Q122.85,285.30 116.31,286.32 Q109.77,287.34 96.18,289.80 Q82.58,292.27 75.96,293.79 Q69.33,295.32 66.10,295.15 Q61.68,295.15 56.67,293.37 Q51.66,291.59 45.37,287.59 Q39.08,283.60 37.21,280.71 Q35.34,277.82 36.19,275.95 Q36.87,274.76 45.88,274.34 Q54.88,273.91 57.77,273.74 Q60.66,273.57 73.49,272.38 Q86.32,271.20 107.48,269.41 Q128.63,267.63 137.98,266.27 L156.33,263.72 L177.57,261.68","track":[[44.349609375,285.46875],[123.36328125,278.671875],[222.59765625,268.4765625],[308.068359375,267.287109375]],"r":23.30357142857143}],"id":"土","sc":"土","tc":"土"}