{"stroke":[{"d":"M63.55,100.93 L47.92,101.95 Q41.97,102.46 39.34,101.78 Q36.70,101.10 33.22,99.91 Q29.74,98.72 27.36,96.94 Q24.98,95.16 25.83,93.54 Q26.68,91.93 28.21,91.59 L33.47,90.57 Q34.32,90.40 41.89,89.55 Q49.45,88.70 58.45,87.00 Q67.46,85.30 77.40,82.75 Q87.34,80.20 93.20,77.82 Q99.06,75.45 101.70,74.94 Q104.33,74.43 108.07,74.94 Q110.45,75.45 114.36,76.97 Q118.27,78.50 120.22,80.20 Q122.17,81.90 122.51,83.69 Q122.85,85.47 119.29,87.85 Q116.91,89.55 113.59,90.14 Q110.28,90.74 97.37,93.97 Q84.45,97.20 78.67,97.71 L71.54,98.55 L63.55,100.93","track":[[30.92578125,96.345703125],[120.64453125,81.5625]],"r":23.30357142857143},{"d":"M59.13,150.21 Q51.49,161.94 49.79,163.80 L38.74,177.40 L36.19,180.97 Q32.79,184.03 29.91,186.83 Q27.02,189.63 25.15,190.82 L20.39,194.05 Q18.18,195.58 17.33,194.48 Q16.48,193.37 18.52,190.82 L21.92,186.57 Q24.13,183.69 30.59,173.83 Q37.04,163.97 41.72,156.24 Q46.39,148.51 50.47,140.10 Q54.54,131.69 57.77,123.62 Q61.00,115.55 62.28,111.47 Q63.55,107.39 63.55,105.35 L63.55,100.93 L71.54,98.55 Q77.65,101.27 81.22,104.33 Q84.79,107.39 84.37,109.00 Q83.94,110.62 82.16,112.57 Q80.37,114.53 77.57,118.86 Q74.77,123.19 73.92,124.55 L67.80,136.11 L63.55,143.58 L59.13,150.21","track":[[75.615234375,100.93359375],[50.63671875,148.51171875],[19.541015625,192.69140625]],"r":23.30357142857143},{"d":"M63.55,143.58 Q71.54,142.39 75.70,141.21 Q79.86,140.02 85.13,137.47 Q90.40,134.92 92.78,134.58 Q95.33,134.41 98.30,135.43 Q101.27,136.45 103.99,138.15 Q106.71,139.85 110.53,143.07 Q114.36,146.30 113.51,149.19 Q113.17,150.04 111.30,152.33 Q109.43,154.63 106.37,160.15 Q103.31,165.67 101.53,169.58 Q99.74,173.49 94.31,188.02 Q88.87,202.55 83.35,214.78 Q77.82,227.02 71.28,239.33 Q64.74,251.65 58.79,260.07 Q52.85,268.48 45.62,276.38 Q38.40,284.28 32.71,288.95 Q27.02,293.63 24.30,295.15 L19.54,297.87 Q17.16,299.23 16.06,298.21 Q14.95,297.19 17.16,294.64 L20.90,290.40 Q22.43,288.70 28.04,281.73 Q33.64,274.76 37.55,268.99 Q41.46,263.21 48.17,251.14 Q54.88,239.08 58.96,230.92 Q63.04,222.77 68.22,210.62 Q73.41,198.47 76.97,188.44 Q80.54,178.42 82.84,170.35 Q85.13,162.28 86.24,157.94 Q87.34,153.61 87.51,151.83 Q87.68,150.04 87.25,149.11 Q86.83,148.17 86.32,147.58 Q85.81,146.98 79.52,148.85 Q78.33,149.19 72.90,149.53 L63.89,150.55 L59.13,150.21 L63.55,143.58","track":[[62.021484375,142.39453125],[90.3984375,135.087890625],[108.240234375,147.662109375],[79.86328125,199.998046875],[53.525390625,256.751953125],[17.671875,298.04296875]],"r":23.30357142857143},{"d":"M38.74,177.40 Q47.24,180.46 53.19,183.26 Q59.13,186.06 62.36,189.63 Q65.59,193.20 66.69,195.83 Q67.80,198.47 67.88,202.97 Q67.97,207.47 66.52,209.77 Q65.08,212.06 63.30,212.57 Q61.51,213.08 59.39,212.49 Q57.26,211.89 54.38,207.81 Q51.49,203.74 46.47,196.26 Q41.46,188.78 40.78,187.59 L36.19,180.97 L38.74,177.40","track":[[37.72265625,180.1171875],[65.080078125,209.513671875]],"r":23.30357142857143},{"d":"M139.17,111.81 Q135.60,117.08 132.11,122.00 Q128.63,126.93 125.57,130.42 Q122.51,133.90 119.79,136.96 L116.40,140.70 Q113.51,143.92 112.40,142.56 Q111.30,141.21 112.66,138.83 L114.53,135.43 Q115.72,133.22 119.88,124.55 Q124.04,115.89 126.59,110.02 Q129.14,104.16 133.47,92.86 Q137.81,81.56 138.57,78.59 Q139.34,75.62 140.70,69.33 Q142.05,63.04 141.80,59.64 Q141.54,56.24 142.14,55.56 Q142.73,54.88 144.77,54.54 Q146.64,54.38 150.30,55.73 Q153.95,57.09 156.67,58.54 Q159.39,59.98 161.68,62.28 Q163.97,64.57 163.80,66.10 Q163.63,67.12 161.60,69.16 Q159.56,71.20 158.03,73.92 Q156.50,76.63 153.35,83.52 Q150.21,90.40 146.81,97.20 L142.05,106.71 L139.17,111.81","track":[[153.779296875,58.453125],[135.9375,104.33203125],[113.337890625,141.375]],"r":23.30357142857143},{"d":"M142.05,106.71 Q145.96,107.22 150.21,108.07 Q154.46,108.92 158.54,111.98 Q162.62,115.04 164.65,119.79 Q166.69,124.55 164.74,127.61 Q162.79,130.67 160.75,131.86 Q158.71,133.05 155.90,131.77 Q153.10,130.50 149.45,126.42 Q145.79,122.34 144.77,120.30 L139.17,111.81 L142.05,106.71","track":[[141.884765625,109.08984375],[163.46484375,127.44140625]],"r":23.30357142857143},{"d":"M188.27,100.08 Q183.86,105.86 181.05,109.34 Q178.25,112.83 176.04,114.70 L172.64,117.59 Q169.41,120.30 168.31,118.69 Q167.20,117.08 168.56,114.36 L170.77,109.60 Q173.15,104.50 175.70,98.38 Q178.25,92.27 180.80,84.79 Q183.35,77.31 184.54,71.79 Q185.72,66.27 186.32,61.60 Q186.91,56.92 186.49,53.44 Q186.06,49.96 186.40,48.68 Q186.74,47.41 188.02,46.39 Q189.29,45.37 194.39,47.07 Q200.85,49.45 203.91,50.98 Q206.96,52.51 209.34,55.48 Q211.72,58.45 211.04,60.32 Q210.70,61.00 208.32,63.13 Q205.95,65.25 204.08,69.33 Q202.21,73.41 199.15,79.69 L192.69,92.78 L188.27,100.08","track":[[200.16796875,51.65625],[185.89453125,86.66015625],[169.072265625,117.5859375]],"r":23.30357142857143},{"d":"M192.69,92.78 Q196.09,93.97 199.49,95.16 Q202.89,96.35 206.37,97.88 Q209.85,99.40 212.23,102.29 Q214.61,105.18 214.70,108.92 Q214.78,112.66 213.76,115.04 Q212.74,117.08 211.47,118.01 Q210.19,118.95 208.49,118.95 Q207.13,119.12 204.59,118.18 Q202.04,117.25 197.79,111.81 L193.03,105.69 L188.27,100.08 L192.69,92.78","track":[[189.802734375,97.1953125],[213.251953125,114.1875]],"r":23.30357142857143},{"d":"M143.92,162.96 L139.68,164.31 Q135.09,165.84 133.05,166.01 Q131.01,166.18 124.98,163.55 Q118.95,160.92 116.23,158.28 Q113.51,155.65 114.19,154.71 Q114.87,153.78 117.93,153.10 L127.78,151.06 Q129.65,150.72 142.05,148.68 Q154.46,146.64 178.42,141.46 Q202.38,136.28 207.64,135.09 L228.88,130.50 L241.80,127.10 Q246.73,125.40 249.28,124.55 L257.77,122.34 Q263.72,120.47 264.91,120.30 Q267.97,120.13 274.00,122.09 Q280.03,124.04 283.94,126.00 Q287.85,127.95 289.21,129.74 Q290.57,131.52 290.65,132.62 Q290.74,133.73 290.06,134.58 Q288.70,136.28 283.26,136.45 L276.29,136.96 L265.76,137.30 L244.01,139.34 L230.92,141.54 Q215.63,143.92 213.25,144.43 L189.63,149.19 L173.15,153.44 L157.69,157.86 L143.92,162.96","track":[[121.494140625,160.06640625],[192.01171875,143.07421875],[276.29296875,125.0625]],"r":23.30357142857143},{"d":"M146.81,253.18 L146.81,230.75 L146.81,221.07 L145.96,196.77 L145.79,186.57 L145.28,177.57 L145.28,169.07 L143.92,162.96 L157.69,157.86 Q161.26,159.22 162.79,160.83 Q164.31,162.45 164.48,163.80 Q164.65,165.16 162.79,170.43 Q162.11,172.47 161.77,175.78 Q161.43,179.10 160.92,187.34 Q160.41,195.58 160.41,198.81 L159.56,277.14 Q153.69,286.66 147.15,280.88 L146.98,262.02 L146.81,253.18","track":[[154.119140625,159.216796875],[154.2890625,281.220703125]],"r":23.30357142857143},{"d":"M145.96,196.77 Q140.70,198.30 136.45,199.23 Q132.20,200.17 126.59,200.34 Q120.98,200.68 116.14,200.00 Q111.30,199.32 109.77,197.45 Q108.24,195.58 108.75,194.31 Q109.26,193.03 112.66,192.18 L117.42,191.16 Q117.76,191.16 122.17,189.80 L130.16,187.59 Q136.11,185.72 136.28,185.55 Q140.53,184.71 142.90,185.55 L145.79,186.57 L145.96,196.77","track":[[110.7890625,197.109375],[145.623046875,191.501953125]],"r":23.30357142857143},{"d":"M146.81,230.75 Q138.83,232.45 133.56,233.30 Q128.29,234.15 124.38,233.81 Q124.21,233.81 118.61,233.13 Q113.00,232.45 111.13,230.75 Q109.26,229.05 109.85,227.36 Q110.45,225.66 114.19,224.81 L119.29,223.79 L125.06,222.94 L135.26,220.22 Q140.02,219.03 141.54,219.54 L146.81,221.07 L146.81,230.75","track":[[110.44921875,229.734375],[146.1328125,227.185546875]],"r":23.30357142857143},{"d":"M146.98,262.02 Q140.87,263.38 137.81,263.72 L128.97,265.08 Q119.79,266.61 116.40,266.44 Q112.66,266.44 109.17,265.59 Q105.69,264.74 104.25,262.87 Q102.80,261.00 103.40,259.73 Q103.99,258.45 108.92,257.43 L116.06,256.07 Q119.63,255.39 126.25,253.18 Q132.88,250.97 136.28,250.80 Q140.36,250.80 143.24,251.82 L146.81,253.18 L146.98,262.02","track":[[104.501953125,263.37890625],[144.43359375,259.130859375]],