{"stroke":[{"d":"M73.75,78.50 L61.17,61.68 Q57.77,57.43 57.35,55.31 Q56.92,53.19 57.60,52.25 Q58.28,51.32 61.85,51.66 Q65.59,52.17 69.84,53.02 Q74.09,53.87 81.39,56.67 Q88.70,59.47 93.12,62.62 Q97.54,65.76 100.00,70.35 Q102.46,74.94 102.29,82.75 Q101.95,88.02 100.42,90.31 Q98.89,92.61 96.18,93.80 Q93.46,94.99 89.04,92.78 Q86.32,91.59 80.97,86.41 Q75.62,81.22 73.75,78.50","track":[[60.662109375,54.375],[99.404296875,85.470703125]],"r":23.30357142857143},{"d":"M39.93,128.29 L38.40,125.57 Q37.55,124.21 38.57,123.19 Q39.59,122.17 41.80,122.51 L47.92,123.70 Q51.49,124.55 61.26,127.70 Q71.03,130.84 75.11,133.47 Q79.18,136.11 80.88,138.91 Q82.58,141.71 83.35,145.45 Q84.11,149.19 84.20,152.59 Q84.28,155.99 83.18,159.05 Q82.07,162.11 78.50,163.80 Q74.94,165.50 69.67,162.96 Q66.27,161.43 60.58,155.73 Q54.88,150.04 51.49,145.71 Q48.09,141.38 44.69,136.19 Q41.29,131.01 39.93,128.29","track":[[40.44140625,124.3828125],[82.751953125,158.876953125]],"r":23.30357142857143},{"d":"M92.27,185.72 L94.82,181.31 Q96.86,177.74 99.40,178.67 Q101.95,179.61 100.93,182.50 L98.72,188.95 Q96.86,194.39 95.07,199.06 Q93.29,203.74 89.55,212.06 L82.41,227.70 Q77.65,237.89 76.63,240.27 L69.67,254.54 Q66.61,260.83 65.17,264.23 Q63.72,267.63 61.09,275.02 Q58.45,282.41 57.43,285.98 Q56.41,289.55 54.46,292.86 Q52.51,296.17 49.45,296.00 Q47.24,296.00 44.86,293.46 Q42.48,290.91 39.34,283.26 Q36.19,275.61 34.75,271.71 Q33.30,267.80 33.22,264.14 Q33.13,260.49 33.47,258.96 Q33.98,256.92 35.26,255.82 Q36.53,254.71 41.63,251.91 Q46.73,249.11 50.04,245.62 Q53.36,242.14 60.15,233.47 L69.67,221.24 Q73.07,216.65 78.84,207.73 Q84.62,198.81 88.19,192.86 L92.27,185.72","track":[[40.951171875,280.201171875],[100.423828125,180.966796875]],"r":23.30357142857143},{"d":"M128.46,144.94 L125.23,242.82 L123.02,271.03 Q122.17,283.26 119.46,288.27 Q116.74,293.29 114.61,293.37 Q112.49,293.46 109.26,288.70 Q106.20,284.28 104.16,278.25 Q102.12,272.21 102.63,268.82 Q102.63,268.31 103.74,264.74 Q104.84,261.17 106.03,253.18 L109.94,231.43 Q110.45,227.36 111.81,213.42 Q113.17,199.49 113.34,195.07 L115.72,111.13 Q115.89,101.61 115.38,92.78 Q114.87,83.94 113.85,77.23 Q112.83,70.52 109.68,65.76 Q106.54,61.00 106.88,59.47 Q107.22,57.94 108.41,56.92 Q110.62,54.88 118.27,57.43 L127.44,60.66 Q131.60,62.02 130.33,68.48 Q130.16,72.39 130.16,74.26 L130.16,83.43 L129.99,90.40 L129.99,100.59 L129.48,108.07 L128.80,136.96 L128.46,144.94","track":[[122.00390625,60.322265625],[120.984375,164.654296875],[114.697265625,291.755859375]],"r":23.30357142857143},{"d":"M127.44,60.66 L140.53,57.94 Q145.45,56.92 152.42,54.63 Q159.39,52.34 162.53,50.13 Q165.67,47.92 166.86,47.75 Q168.05,47.75 170.18,48.43 Q172.30,49.11 173.49,49.70 Q174.68,50.30 178.42,52.59 Q182.16,54.88 184.20,56.33 Q186.23,57.77 186.32,59.13 Q186.40,60.49 185.21,62.36 Q182.84,66.10 181.99,67.88 Q181.14,69.67 180.71,72.05 Q180.29,74.43 180.12,80.37 L177.91,123.02 Q177.74,126.25 176.97,130.75 Q176.21,135.26 175.19,138.40 Q174.17,141.54 172.73,143.50 Q171.28,145.45 170.60,145.62 Q168.22,146.30 167.03,142.22 L165.50,138.49 L164.14,130.16 Q163.97,126.93 163.89,123.96 Q163.80,120.98 163.97,114.02 L164.14,101.10 L164.14,94.14 L164.65,72.22 Q164.65,66.44 163.38,65.50 Q162.11,64.57 159.73,64.40 Q157.69,64.40 151.66,65.42 Q145.62,66.44 139.76,68.05 Q133.90,69.67 132.03,68.99 L130.33,68.48 L127.44,60.66","track":[[127.951171875,66.26953125],[162.4453125,47.408203125],[178.41796875,60.4921875],[169.921875,142.734375]],"r":23.30357142857143},{"d":"M164.14,101.10 Q161.77,101.78 160.49,102.12 Q159.22,102.46 155.31,103.65 Q151.40,104.84 146.47,106.29 Q141.54,107.73 138.40,108.50 Q135.26,109.26 133.73,108.75 L129.48,108.07 L129.99,100.59 L143.07,95.84 L149.36,92.95 Q151.06,92.27 152.76,92.10 Q154.97,91.93 158.54,92.78 L164.14,94.14 L164.14,101.10","track":[[131.009765625,104.501953125],[163.125,97.1953125]],"r":23.30357142857143},{"d":"M165.50,138.49 Q159.56,140.53 156.07,141.46 Q152.59,142.39 147.75,143.41 Q142.90,144.43 138.57,144.94 Q134.24,145.45 133.05,145.28 L128.46,144.94 L128.80,136.96 Q132.54,136.62 134.83,136.28 Q137.13,135.94 141.46,134.58 Q145.79,133.22 149.53,131.69 Q153.27,130.16 155.39,129.74 Q157.52,129.31 159.22,129.48 L164.14,130.16 L165.50,138.49","track":[[129.48046875,140.525390625],[163.125,134.748046875]],"r":23.30357142857143},{"d":"M244.18,129.99 Q242.48,132.88 240.95,135.09 Q239.42,137.30 237.89,137.38 Q236.36,137.47 234.66,135.77 Q233.13,134.58 231.60,130.84 Q230.07,127.10 229.90,125.57 Q229.56,124.21 230.24,119.79 Q230.92,115.38 230.75,109.94 L229.22,71.20 Q228.88,63.89 227.78,59.22 Q226.68,54.54 224.98,50.13 Q223.28,45.71 223.96,44.18 Q224.64,42.65 226.25,42.06 Q227.87,41.46 235.85,43.33 L242.31,44.86 Q247.75,45.11 246.05,53.19 Q245.88,56.92 245.79,58.71 Q245.71,60.49 245.88,66.10 L245.88,76.13 L245.88,82.24 L245.88,91.59 L245.88,120.64 L244.18,129.99","track":[[235.681640625,44.349609375],[238.23046875,135.767578125]],"r":23.30357142857143},{"d":"M242.31,44.86 L258.11,41.63 Q264.23,40.44 272.13,37.64 Q280.03,34.83 283.26,33.13 Q286.49,31.44 287.85,31.10 Q289.72,30.76 293.37,31.95 Q297.02,33.13 301.10,35.34 Q305.18,37.55 310.11,41.46 Q315.04,45.37 314.87,47.92 Q314.70,49.11 313.85,50.81 L310.62,56.41 Q309.09,59.64 308.41,64.91 Q307.73,70.18 307.47,77.48 Q307.22,84.79 307.13,91.33 Q307.05,97.88 307.22,99.57 L308.24,254.88 Q308.24,280.03 307.13,289.80 Q306.03,299.57 302.89,304.75 Q299.74,309.94 295.83,313.85 Q291.93,317.75 289.89,317.41 Q288.36,317.24 285.81,314.19 L281.22,308.75 Q276.12,302.97 271.96,298.55 Q267.80,294.13 260.15,286.32 L256.75,282.92 Q255.05,281.39 256.07,280.12 Q257.09,278.84 259.98,279.69 L265.25,281.56 L272.89,284.11 Q279.01,286.32 281.82,285.30 Q284.62,284.28 286.66,280.37 Q288.19,277.14 288.02,268.82 L289.04,238.57 L288.53,193.20 L289.38,164.82 L289.38,126.08 L289.04,116.57 L289.04,85.98 L288.53,76.29 L288.02,56.07 Q287.85,52.51 287.17,50.64 Q286.49,48.77 285.04,47.75 Q283.60,46.73 281.22,46.56 Q278.84,46.56 275.95,46.90 L267.29,48.77 L246.05,53.19 L242.31,44.86","track":[[244.0078125,49.787109375],[283.76953125,28.20703125],[305.859375,48.087890625],[297.36328125,113.16796875],[299.572265625,184.705078125],[299.0625,258.791015625],[293.28515625,320.47265625],[263.888671875,283.08984375]],"r":23.30357142857143},{"d":"M245.88,82.24 L262.19,78.67 Q262.87,78.67 268.90,76.72 Q274.93,74.77 276.97,74.43 Q280.37,74.09 281.73,74.43 L288.53,76.29 L289.04,85.98 Q281.39,87.51 274.51,88.61 Q267.63,89.72 262.87,90.74 Q258.11,91.76 255.65,92.10 Q253.18,92.44 251.14,92.10 L245.88,91.59 L245.88,82.24","track":[[247.40625,86.66015625],[288.017578125,80.712890625]],"r":23.30357142857143},{"d":"M289.38,126.08 Q285.81,126.42 284.11,126.59 L272.38,128.29 Q267.97,128.97 258.71,129.91 Q249.45,130.84 247.75,130.50 L244.18,129.99 L245.88,120.64 L265.42,117.08 Q268.14,116.57 272.89,115.29 Q277.65,114.02 279.69,114.02 Q282.41,114.19 284.96,115.04 L289.04,116.57 L289.38,126.08","track":[[246.556640625,124.892578125],[288.357421875,120.134765625]],"r":23.30357142857143},{"d":"M197.11,161.60 L182.16,163.29 Q178.42,163.80 173.75,162.96 Q169.07,162.11 167.03,160.41 Q164.99,158.71 164.74,157.52 Q164.48,156.33 165.25,155.56 Q166.01,154.80 168.56,154.46 L178.59,153.44 Q184.03,152.93 188.10,152.08 L196.94,150.38 L211.72,147.32 L228.88,143.92 Q233.64,143.07 234.83,143.16 Q236.02,143.24 239.84,144.77 Q243.67,146.30 245.37,148.09 Q247.07,149.87 246.90,151.23 Q246.56,152.76 243.33,153.95 Q240.10,155.14 237.55,155.48 L211.55,159.39 L197.11,161.60","track":[[169.072265625,159.896484375],[244.177734375,148.171875]],