{"stroke":[{"d":"M113.17,68.65 Q107.73,75.28 102.80,80.97 Q97.88,86.66 92.10,92.27 Q86.32,97.88 80.37,102.29 Q74.43,106.71 69.84,109.09 L62.87,112.83 Q60.32,114.36 59.22,113.93 Q58.11,113.51 58.03,112.06 Q57.94,110.62 59.98,108.58 L65.76,102.97 Q70.01,98.89 74.77,93.54 Q79.52,88.19 84.88,81.05 Q90.23,73.92 95.50,65.17 Q100.76,56.41 103.14,51.40 Q105.52,46.39 107.39,41.38 Q109.26,36.36 109.17,31.86 Q109.09,27.36 110.11,26.34 Q111.13,25.32 113.85,25.15 Q116.74,25.15 121.58,28.12 Q126.42,31.10 128.72,33.05 Q131.01,35.00 132.71,37.38 Q134.41,39.76 134.24,41.46 Q134.07,42.48 133.56,43.08 Q133.05,43.67 131.01,45.37 Q128.97,47.07 127.10,49.62 L122.00,56.58 L117.25,62.19 L113.17,68.65","track":[[126.251953125,31.095703125],[95.666015625,74.765625],[60.4921875,111.46875]],"r":23.30357142857143},{"d":"M117.25,62.19 Q120.81,61.68 122.68,61.17 L145.96,55.05 L151.23,53.70 L158.88,51.15 Q160.75,50.98 164.74,52.17 Q168.73,53.36 170.86,54.21 Q172.98,55.05 175.02,56.50 Q177.06,57.94 177.48,59.56 Q177.91,61.17 175.36,63.13 Q172.81,65.08 166.86,66.27 L158.54,67.97 Q153.44,68.99 144.18,70.43 Q134.92,71.88 132.54,71.88 Q126.25,72.22 119.79,70.35 L113.17,68.65 L117.25,62.19","track":[[114.8671875,67.2890625],[177.228515625,58.283203125]],"r":23.30357142857143},{"d":"M111.47,82.58 Q111.64,81.90 113.68,81.22 Q115.72,80.54 120.64,81.56 L127.44,83.09 Q129.65,83.77 133.73,85.05 Q137.81,86.32 139.93,87.93 Q142.05,89.55 143.24,91.76 Q144.43,93.97 144.43,97.54 Q144.09,102.46 141.71,105.10 Q139.34,107.73 136.28,107.99 Q133.22,108.24 128.63,104.33 Q125.06,101.44 121.49,97.20 L114.36,88.70 Q112.32,86.66 111.72,85.05 Q111.13,83.43 111.47,82.58","track":[[112.1484375,82.072265625],[142.0546875,102.97265625]],"r":23.30357142857143},{"d":"M205.61,59.98 Q202.72,63.89 200.00,67.80 Q197.28,71.71 194.22,75.62 Q191.16,79.52 184.88,85.13 Q178.59,90.74 175.02,93.12 L169.92,96.52 Q167.03,98.38 165.76,98.13 Q164.48,97.88 163.89,96.69 Q163.29,95.50 166.01,92.61 L170.09,88.02 Q172.47,85.30 176.63,79.10 Q180.80,72.90 182.67,69.75 Q184.54,66.61 188.02,60.24 Q191.50,53.87 192.95,50.38 Q194.39,46.90 195.67,42.14 Q196.94,37.38 197.28,33.56 Q197.62,29.74 197.45,26.85 Q197.28,23.96 197.96,22.77 Q198.64,21.58 200.85,20.90 Q202.89,20.39 206.79,22.09 Q210.70,23.79 214.87,26.25 Q219.03,28.72 221.24,31.61 Q223.45,34.49 223.28,36.02 Q222.94,37.04 220.90,39.42 L217.84,43.33 L211.55,50.81 L211.38,50.98 L205.61,59.98","track":[[212.912109375,24.80859375],[194.73046875,62.19140625],[165.333984375,99.57421875]],"r":23.30357142857143},{"d":"M211.38,50.98 L245.20,42.14 Q249.96,40.95 253.10,39.93 Q256.24,38.91 257.60,38.57 Q260.83,38.23 265.42,39.51 Q270.01,40.78 273.74,43.08 Q277.48,45.37 277.74,46.98 Q277.99,48.60 275.53,50.89 Q273.06,53.19 267.97,54.21 L255.22,56.92 L234.83,60.32 Q224.13,62.19 220.73,62.19 Q215.12,62.36 210.70,61.17 L205.61,59.98 L211.38,50.98","track":[[207.3046875,59.47265625],[275.783203125,45.369140625]],"r":23.30357142857143},{"d":"M207.81,72.73 Q208.15,72.22 212.32,71.88 Q216.48,71.54 225.66,74.09 Q234.83,76.63 237.55,77.57 Q240.27,78.50 242.73,81.22 Q245.20,83.94 245.28,88.61 Q245.37,93.29 242.82,96.60 Q240.27,99.91 236.87,99.91 Q234.66,100.08 230.84,97.96 Q227.02,95.84 220.98,90.14 Q214.95,84.45 211.98,80.88 Q209.00,77.31 208.24,75.19 Q207.47,73.07 207.81,72.73","track":[[209.00390625,73.06640625],[245.197265625,92.77734375]],"r":23.30357142857143},{"d":"M122.00,135.09 Q119.63,132.88 118.01,131.18 Q116.40,129.48 113.17,125.15 Q109.94,120.81 107.90,117.08 L104.50,111.30 Q103.48,109.77 104.08,108.33 Q104.67,106.88 106.37,107.22 L111.98,108.58 Q118.95,110.28 124.47,112.66 Q129.99,115.04 131.86,118.10 Q134.07,122.17 132.88,126.08 L131.35,132.20 Q128.38,142.14 122.00,135.09","track":[[105.3515625,107.560546875],[129.650390625,137.63671875]],"r":23.30357142857143},{"d":"M90.74,151.06 Q82.41,151.57 78.67,151.15 Q74.94,150.72 70.43,148.94 Q65.93,147.15 66.52,145.03 Q67.12,142.90 69.50,142.56 L73.75,142.05 Q83.09,141.04 94.22,139.59 Q105.35,138.15 109.60,137.30 L122.00,135.09 L131.35,132.20 Q136.79,131.18 139.51,130.33 L146.98,127.95 Q149.87,127.10 151.74,127.10 Q153.78,127.27 156.92,128.46 Q160.07,129.65 162.79,132.03 Q165.50,134.41 164.99,135.85 Q164.48,137.30 162.96,137.81 L159.39,139.17 Q157.52,140.02 151.74,141.21 L142.73,143.24 L133.73,144.43 L98.21,150.04 L90.74,151.06","track":[[67.2890625,145.453125],[113.337890625,140.525390625],[163.125,135.2578125]],"r":23.30357142857143},{"d":"M100.93,182.67 Q97.20,173.83 95.84,169.07 L93.12,158.71 L90.74,151.06 L98.21,150.04 Q100.76,152.42 104.33,155.65 Q107.90,158.88 110.79,165.08 Q113.68,171.28 111.81,176.04 L110.11,181.14 Q106.54,190.40 100.93,182.67","track":[[97.875,151.23046875],[107.05078125,184.53515625]],"r":23.30357142857143},{"d":"M142.73,143.24 Q147.49,146.13 151.06,148.51 Q154.63,150.89 154.63,152.93 Q154.46,154.12 153.61,155.31 L151.23,157.69 Q150.04,158.88 148.85,160.92 L139.34,176.38 Q130.25,187.17 130.33,177.57 L134.75,157.69 Q135.26,155.31 135.09,152.08 Q134.92,148.85 134.75,148.17 L133.73,144.43 L142.73,143.24","track":[[146.1328125,144.943359375],[134.748046875,179.4375]],"r":23.30357142857143},{"d":"M139.34,176.38 Q148.34,175.36 153.44,174.76 Q158.54,174.17 161.26,174.17 Q164.65,174.51 168.65,175.95 Q172.64,177.40 174.08,179.52 Q175.53,181.65 175.10,183.18 Q174.68,184.71 171.11,184.71 L165.50,184.71 Q162.79,184.71 154.97,185.55 L144.60,186.57 Q133.73,187.76 122.34,189.80 L92.61,195.58 L72.73,198.81 Q67.12,200.00 62.53,201.19 L53.36,203.91 Q49.62,204.93 47.41,204.93 Q43.67,205.10 38.23,203.14 Q32.79,201.19 29.48,198.04 Q26.17,194.90 26.76,194.05 Q27.36,193.20 28.21,192.69 L32.96,192.35 L42.65,191.33 L100.93,182.67 L110.11,181.14 L130.33,177.57 L139.34,176.38","track":[[31.095703125,196.4296875],[111.46875,186.9140625],[173.3203125,181.13671875]],"r":23.30357142857143},{"d":"M91.76,282.58 Q87.51,294.64 84.79,299.74 Q82.07,304.84 78.93,309.26 Q75.79,313.68 72.39,317.07 L66.95,322.51 Q64.23,325.23 62.79,324.04 Q61.34,322.85 62.87,320.13 L66.61,313.51 Q71.88,304.16 75.62,294.13 Q79.35,284.11 81.31,274.08 Q83.26,264.06 84.28,249.36 Q85.30,234.66 85.13,228.21 Q84.79,223.45 84.03,220.13 Q83.26,216.82 81.22,213.85 Q79.18,210.87 79.52,209.60 Q79.86,208.32 82.92,207.47 Q84.96,206.96 86.92,207.73 Q88.87,208.49 92.44,209.85 L97.37,212.06 L99.74,219.54 L99.74,229.05 L99.06,232.62 Q98.38,243.33 97.71,251.82 Q97.03,260.32 96.35,264.57 L94.65,274.25 L91.76,282.58","track":[[90.05859375,208.32421875],[91.078125,266.267578125],[66.099609375,325.060546875]],"r":23.30357142857143},{"d":"M97.37,212.06 Q100.08,211.72 107.65,210.53 Q115.21,209.34 118.44,208.66 Q121.66,207.98 127.53,206.37 Q133.39,204.76 137.21,202.89 Q141.04,201.02 142.56,200.85 Q144.09,200.68 145.96,201.27 Q147.83,201.87 153.52,205.61 Q159.22,209.34 160.92,211.38 Q162.62,213.42 162.87,215.12 Q163.13,216.82 160.75,222.09 Q158.54,226.85 158.11,233.56 Q157.69,240.27 157.35,249.70 Q157.01,259.13 157.43,276.04 Q157.86,292.95 157.94,298.72 Q158.03,304.50 156.33,309.77 Q155.14,313.51 152.50,317.84 Q149.87,322.17 145.62,325.23 Q141.38,328.29 139.51,327.27 Q138.66,326.93 137.30,325.06 L133.90,321.15 L127.61,313.00 Q125.40,310.62 120.47,305.86 L113.85,299.74 Q111.64,297.87 112.40,296.68 Q113.17,295.49 114.87,295.83 L129.65,300.25 Q135.94,302.29 138.40,301.19 Q140.87,300.08 141.63,296.43 Q142.39,292.78 142.90,284.62 L143.92,262.02 L143.24,256.92 L143.75,222.94 Q143.75,219.03 141.04,216.91 Q138.32,214.78 129.99,215.80 L99.74,219.54 L97.37,212.06","track":[[100.763671875,216.8203125],[136.95703125,197.109375],[158.537109375,217.5],[154.62890625,261.6796875],[153.94921875,324.55078125],[114.8671875,294.984375]],"r":23.30357142857143},{"d":"M99.74,229.05 Q104.50,230.07 109.34,231.09 Q114.19,232.11 121.58,234.58 Q128.97,237.04 130.67,239.25 Q132.37,241.46 133.05,245.11 Q133.73,248.77 133.13,251.31 Q132.54,253.86 130.92,255.05 Q129.31,256.24 123.79,253.78 Q118.27,251.31 111.98,245.03 L99.06,232.62 L99.74,229.05","track":[[99.57421875,231.603515625],[133.728515625,251.994140625]],