{"stroke":[{"d":"M176.04,49.79 Q167.20,50.64 158.79,51.49 Q150.38,52.34 145.96,52.34 Q138.32,52.68 132.79,51.74 Q127.27,50.81 125.15,48.17 Q123.02,45.54 123.53,44.77 Q124.04,44.01 127.95,43.50 L137.47,42.48 L154.97,40.61 L176.21,38.06 L195.75,36.36 L206.46,34.83 Q211.21,34.15 216.65,33.22 Q222.09,32.29 226.68,31.44 Q231.26,30.59 232.96,30.59 Q235.00,30.93 238.06,32.29 Q241.12,33.64 243.92,35.85 Q246.73,38.06 246.56,39.76 Q246.39,41.46 242.48,41.97 L231.09,43.84 Q225.83,44.69 211.72,46.22 L194.22,48.09 L176.04,49.79","track":[[128.12109375,46.8984375],[186.404296875,42.8203125],[245.70703125,39.08203125]],"r":23.30357142857143},{"d":"M176.38,70.18 Q171.62,71.03 166.52,71.88 Q161.43,72.73 156.33,72.73 Q151.40,72.90 145.03,72.30 Q138.66,71.71 135.68,69.50 Q132.71,67.29 133.22,65.93 Q133.73,64.57 136.62,64.23 L147.49,63.38 Q156.16,62.70 161.94,61.85 L176.21,59.81 L193.71,58.11 Q200.85,57.26 203.57,56.92 Q206.29,56.58 213.76,55.56 Q221.24,54.54 223.96,54.71 Q227.19,55.05 229.65,55.99 Q232.11,56.92 234.92,58.88 Q237.72,60.83 237.55,62.36 Q237.38,63.89 234.32,64.23 L224.98,65.59 Q224.30,65.76 204.59,67.46 L192.69,68.48 L176.38,70.18","track":[[138.146484375,67.2890625],[232.79296875,61.681640625]],"r":23.30357142857143},{"d":"M176.21,59.81 L176.04,49.79 L176.21,38.06 L176.21,33.47 Q176.21,32.12 175.44,28.12 Q174.68,24.13 173.49,21.75 L170.94,17.33 Q169.75,14.44 170.86,12.83 Q171.96,11.21 176.72,11.72 Q180.80,12.23 186.66,14.19 Q192.52,16.14 195.33,18.27 Q198.13,20.39 198.30,21.58 Q198.47,22.77 197.11,26.34 Q196.26,28.21 196.09,32.12 L195.75,36.36 L194.22,48.09 L193.71,58.11 L192.69,68.48 L191.67,81.22 Q182.24,93.80 176.21,82.58 L176.38,70.18 L176.21,59.81","track":[[185.21484375,16.3125],[184.025390625,83.94140625]],"r":23.30357142857143},{"d":"M191.67,81.22 L206.46,79.69 L220.73,78.84 L238.06,76.97 Q247.24,76.13 251.23,75.36 Q255.22,74.60 256.92,74.60 Q259.98,74.94 264.14,77.06 Q268.31,79.18 271.45,82.41 Q274.59,85.64 273.91,87.68 Q273.23,89.72 270.35,89.72 L258.45,89.72 L242.48,89.21 Q231.77,89.04 215.89,89.80 Q200.00,90.57 189.97,91.50 Q179.95,92.44 164.14,94.48 Q148.34,96.52 140.27,97.88 Q132.20,99.23 126.59,101.10 Q120.98,102.97 119.12,102.97 Q116.74,103.14 114.27,102.38 Q111.81,101.61 108.07,100.00 Q104.33,98.38 102.21,96.26 Q100.08,94.14 100.59,92.52 Q101.10,90.91 104.33,90.57 L115.72,89.72 Q117.08,89.72 135.94,87.34 L156.84,85.13 L176.21,82.58 L191.67,81.22","track":[[102.97265625,96.85546875],[180.626953125,88.359375],[267.287109375,82.072265625]],"r":23.30357142857143},{"d":"M219.20,147.49 Q223.11,148.17 225.32,149.19 Q227.53,150.21 229.05,153.52 Q230.58,156.84 229.48,157.94 Q228.38,159.05 222.94,159.22 L216.31,159.22 L202.21,158.71 Q196.77,158.71 193.03,158.79 Q189.29,158.88 181.82,159.22 L172.81,159.73 L162.96,161.09 Q157.86,161.77 153.69,162.28 Q149.53,162.79 143.67,164.14 Q137.81,165.50 133.22,167.63 Q128.63,169.75 127.10,169.24 Q125.06,168.73 123.36,165.93 Q121.66,163.13 120.90,160.83 Q120.13,158.54 120.47,157.35 Q120.64,156.16 123.36,153.10 Q126.08,150.04 127.10,147.83 L129.31,142.73 L133.22,131.18 L135.60,120.47 Q136.45,116.40 136.62,112.83 L136.62,106.20 Q136.62,103.65 137.47,102.97 Q138.32,102.29 142.22,103.48 Q146.30,105.01 146.98,105.35 L149.70,107.22 Q154.80,109.60 150.72,114.36 L145.96,129.82 L142.22,141.21 L136.96,155.82 Q151.40,153.78 155.48,153.10 L165.84,151.57 L177.57,150.38 Q190.14,148.51 193.20,148.34 L205.44,147.49 L219.20,147.49","track":[[144.43359375,107.560546875],[111.46875,160.236328125],[131.859375,165.84375],[177.228515625,156.837890625],[227.015625,150.720703125]],"r":23.30357142857143},{"d":"M223.45,134.07 L219.20,147.49 L216.31,159.22 Q214.10,162.96 212.74,166.18 Q211.38,169.41 209.34,171.37 Q207.30,173.32 204.67,172.56 Q202.04,171.79 201.27,169.24 Q200.51,166.69 201.19,163.97 L202.21,158.71 L205.44,147.49 L208.83,135.09 L211.21,123.87 Q212.06,120.13 212.57,117.93 Q213.08,115.72 213.42,112.66 Q213.76,109.60 212.83,108.41 Q211.89,107.22 206.96,107.73 L198.47,109.09 L189.12,110.45 L181.48,111.98 L172.47,112.83 Q161.60,114.53 158.71,114.36 L150.72,114.36 Q141.71,111.30 149.70,107.22 Q162.28,105.52 169.07,104.33 Q175.87,103.14 185.21,101.36 Q194.56,99.57 200.68,98.38 Q206.79,97.20 210.45,95.67 Q214.10,94.14 215.46,93.97 Q217.67,93.97 220.81,95.58 Q223.96,97.20 227.78,99.49 Q231.60,101.78 232.96,103.74 Q234.32,105.69 233.98,107.22 Q233.81,108.07 232.37,109.94 Q230.92,111.81 228.71,117.08 L226.34,122.85 L223.45,134.07","track":[[148.8515625,111.46875],[219.19921875,85.30078125],[227.015625,104.162109375],[204.416015625,171.451171875]],"r":23.30357142857143},{"d":"M172.81,159.73 Q170.60,162.79 168.56,165.25 Q166.52,167.71 163.21,169.50 Q159.90,171.28 158.62,170.35 Q157.35,169.41 160.07,165.84 L162.96,161.09 L165.84,151.57 Q167.88,145.96 168.22,144.60 L169.41,137.98 L171.45,127.10 Q172.47,121.66 172.47,120.47 L172.47,112.83 Q176.46,110.70 181.48,111.98 Q184.37,113.85 186.83,115.46 Q189.29,117.08 189.46,118.61 L188.10,121.83 L186.57,125.74 L183.35,136.62 Q180.97,142.90 180.46,144.09 L177.57,150.38 L172.81,159.73","track":[[180.626953125,116.736328125],[164.14453125,166.5234375]],"r":23.30357142857143},{"d":"M226.34,122.85 Q235.68,121.83 241.37,121.32 Q247.07,120.81 256.67,120.05 Q266.27,119.29 272.47,118.35 Q278.67,117.42 281.22,117.59 Q284.45,117.93 289.04,119.71 Q293.63,121.49 297.45,123.87 Q301.27,126.25 303.40,128.89 Q305.52,131.52 304.92,132.54 Q304.33,133.56 302.12,134.24 Q299.91,134.92 294.98,134.58 L282.58,134.07 Q275.78,133.90 257.69,133.81 Q239.59,133.73 237.72,133.73 L223.45,134.07 L208.83,135.09 L183.35,136.62 L169.41,137.98 Q155.99,139.17 152.59,139.68 L142.22,141.21 L129.31,142.73 Q122.68,144.09 118.52,144.86 Q114.36,145.62 105.44,146.98 Q96.52,148.34 90.48,150.21 Q84.45,152.08 82.58,152.08 Q79.52,152.25 75.79,151.15 Q72.05,150.04 68.48,148.26 Q64.91,146.47 62.45,143.84 Q59.98,141.21 60.49,139.76 Q61.00,138.32 64.23,137.98 L75.11,136.96 L92.44,135.60 Q100.76,134.92 110.96,133.73 L133.22,131.18 L145.96,129.82 L171.45,127.10 L186.57,125.74 Q197.11,124.89 199.32,124.72 L211.21,123.87 L226.34,122.85","track":[[64.060546875,143.75390625],[149.361328125,134.748046875],[224.296875,129.650390625],[304.669921875,127.44140625]],"r":23.30357142857143},{"d":"M93.29,260.15 L92.10,211.21 L92.10,203.57 Q91.93,202.21 91.50,196.09 Q91.08,189.97 90.23,187.59 L87.68,181.82 Q86.83,179.27 87.59,178.25 Q88.36,177.23 91.59,177.23 Q97.03,177.40 99.23,178.08 L106.88,180.46 Q110.62,183.26 108.58,188.44 L107.90,200.34 L107.56,207.47 L107.56,219.20 L107.22,226.85 L106.88,239.59 L106.88,246.73 L106.20,258.45 Q99.74,270.01 93.29,260.15","track":[[99.57421875,179.09765625],[100.763671875,221.408203125],[99.57421875,262.869140625]],"r":23.30357142857143},{"d":"M106.88,180.46 L129.99,176.21 Q131.18,176.04 138.83,173.83 L145.96,171.96 Q149.36,171.11 151.06,171.11 Q152.76,171.28 155.22,172.47 Q157.69,173.66 160.92,175.70 Q164.14,177.74 166.69,180.29 Q169.24,182.84 169.24,184.37 Q169.07,185.21 167.46,187.85 Q165.84,190.48 165.33,193.29 Q164.82,196.09 164.48,201.36 L163.46,214.10 L160.58,252.84 Q153.01,263.97 147.49,253.69 L147.83,241.97 L147.83,236.70 L148.34,223.11 L148.34,217.33 L148.85,202.55 L148.85,197.28 L148.85,191.33 Q148.85,187.08 148.77,185.47 Q148.68,183.86 147.66,182.84 Q146.64,181.82 143.84,181.90 Q141.04,181.99 138.83,182.33 L108.58,188.44 Q100.25,185.64 106.88,180.46","track":[[105.3515625,184.53515625],[151.91015625,165.1640625],[163.46484375,182.326171875],[155.6484375,256.072265625]],"r":23.30357142857143},{"d":"M148.85,202.55 Q139.17,204.42 132.11,206.12 Q125.06,207.81 120.98,208.32 Q116.91,208.83 113.85,208.32 L107.56,207.47 Q100.42,203.91 107.90,200.34 Q118.10,198.81 125.23,197.02 Q132.37,195.24 135.09,195.07 Q139.51,194.90 142.22,195.58 L148.85,197.28 Q153.27,199.91 148.85,202.55","track":[[109.259765625,203.736328125],[144.943359375,198.80859375]],