{"stroke":[{"d":"M66.27,142.05 Q61.17,148.51 58.28,151.74 Q55.39,154.97 49.87,160.41 Q44.35,165.84 37.81,171.37 Q31.27,176.89 27.53,179.10 L21.07,183.01 Q15.97,186.23 15.12,184.45 Q14.27,182.67 16.82,179.78 L21.24,175.02 Q30.08,165.50 40.02,153.10 Q49.96,140.70 59.64,125.57 Q69.33,110.45 76.46,96.35 Q83.60,82.24 86.58,74.17 Q89.55,66.10 91.25,59.13 Q92.95,52.17 93.12,48.94 Q93.29,45.37 92.44,42.23 Q91.59,39.08 91.76,38.06 Q91.76,36.87 92.69,35.85 Q93.63,34.83 96.52,34.83 Q98.89,35.00 101.44,36.19 Q103.99,37.38 108.41,40.87 Q112.83,44.35 115.63,48.26 Q118.44,52.17 117.93,53.87 Q117.59,54.71 116.14,56.41 Q114.70,58.11 113.68,59.81 L110.96,64.23 L107.39,71.54 Q100.93,84.62 93.20,99.74 Q85.47,114.87 78.84,124.21 L70.18,136.79 L66.27,142.05","track":[[102.462890625,44.1796875],[100.763671875,65.58984375],[68.98828125,128.4609375],[39.08203125,164.14453125],[20.390625,180.626953125]],"r":23.30357142857143},{"d":"M110.96,64.23 Q114.19,65.42 116.91,66.18 Q119.63,66.95 124.81,68.65 Q129.99,70.35 135.17,73.66 Q140.36,76.97 141.46,79.86 Q142.56,82.75 142.56,87.68 Q142.39,92.44 140.95,95.33 Q139.51,98.21 137.30,98.55 Q135.09,98.89 131.86,96.52 Q128.80,94.65 125.91,91.84 Q123.02,89.04 118.01,83.43 Q113.00,77.82 111.98,76.46 L107.39,71.54 L110.96,64.23","track":[[111.46875,68.98828125],[136.447265625,92.267578125]],"r":23.30357142857143},{"d":"M70.18,136.79 L76.29,135.94 Q78.67,135.77 84.96,134.41 Q91.25,133.05 95.16,132.03 L107.05,129.14 Q107.22,129.14 112.06,127.44 Q116.91,125.74 119.12,125.40 Q120.81,125.40 122.94,125.74 Q125.06,126.08 129.74,128.63 Q134.41,131.18 134.66,132.54 Q134.92,133.90 134.24,135.09 Q133.22,136.79 128.29,137.98 L118.27,140.70 L100.76,143.92 L80.37,146.30 Q77.99,146.13 74.94,145.79 Q71.88,145.45 70.18,144.26 L66.27,142.05 L70.18,136.79","track":[[74.0859375,141.544921875],[126.251953125,133.55859375]],"r":23.30357142857143},{"d":"M103.48,166.35 Q105.69,166.01 106.88,165.76 Q108.07,165.50 111.64,164.23 Q115.21,162.96 116.57,162.79 Q119.29,162.45 123.70,163.63 L128.29,164.99 Q131.69,166.01 133.81,167.20 Q135.94,168.39 135.94,169.92 Q135.77,171.28 134.15,172.39 Q132.54,173.49 130.84,174.17 Q129.14,174.85 124.89,175.53 L102.97,179.44 L85.13,182.67 L72.73,184.88 L65.25,186.23 Q60.49,186.74 56.92,185.81 Q53.36,184.88 49.87,182.92 Q46.39,180.97 46.13,179.69 Q45.88,178.42 46.73,177.23 Q47.41,176.38 49.70,176.04 Q52.00,175.70 57.09,174.85 L74.77,171.96 L84.79,170.09 L103.48,166.35","track":[[53.6953125,179.4375],[127.951171875,169.2421875]],"r":23.30357142857143},{"d":"M100.76,143.92 Q103.31,145.28 104.67,146.64 Q106.03,148.00 106.54,149.70 L104.84,156.33 L103.48,166.35 L102.97,179.44 L100.59,240.95 Q92.52,255.65 86.15,244.86 L85.13,182.67 L84.79,170.09 Q84.62,165.50 84.37,160.41 Q84.11,155.31 82.92,152.42 L80.37,146.30 L100.76,143.92","track":[[91.7578125,148.8515625],[93.966796875,237.890625]],"r":23.30357142857143},{"d":"M47.75,211.89 Q47.75,211.21 48.85,210.53 Q49.96,209.85 53.19,210.87 L57.09,212.40 L62.53,214.44 Q65.76,215.97 68.39,217.92 Q71.03,219.88 72.73,222.60 Q74.43,225.32 74.68,230.33 Q74.94,235.34 73.15,239.17 Q71.37,242.99 68.56,243.50 Q65.76,244.01 61.85,239.08 Q60.15,237.21 55.73,229.73 Q51.32,222.26 50.30,220.30 Q49.28,218.35 48.43,215.46 Q47.58,212.57 47.75,211.89","track":[[53.185546875,214.611328125],[67.2890625,238.91015625]],"r":23.30357142857143},{"d":"M116.06,224.64 L110.62,229.22 Q107.73,231.60 106.80,230.41 Q105.86,229.22 107.22,226.51 L112.66,215.46 Q114.02,212.57 115.72,207.64 Q117.42,202.72 117.59,198.64 Q117.76,194.56 118.35,193.63 Q118.95,192.69 120.05,192.10 Q121.15,191.50 124.55,192.86 Q128.29,194.56 130.67,196.26 Q133.05,197.96 135.00,199.91 Q136.96,201.87 137.72,203.65 Q138.49,205.44 137.81,206.63 Q137.30,207.30 136.11,208.15 L132.71,210.36 Q130.33,212.06 128.04,213.93 Q125.74,215.80 121.75,219.45 Q117.76,223.11 116.06,224.64","track":[[127.44140625,199.828125],[113.16796875,221.91796875]],"r":23.30357142857143},{"d":"M100.59,240.95 L136.11,231.43 Q140.36,230.41 141.29,233.13 Q142.22,235.85 138.49,237.21 L77.99,260.66 Q63.38,266.44 60.75,267.71 Q58.11,268.99 54.04,271.54 Q49.96,274.08 48.60,274.93 Q47.24,275.78 45.45,276.12 Q43.67,276.46 40.10,274.42 Q36.19,272.55 33.05,269.84 Q29.91,267.12 27.02,264.14 Q24.13,261.17 23.28,258.62 Q22.43,256.07 23.28,255.05 Q24.13,254.03 26.17,253.86 Q27.36,253.86 30.84,254.46 Q34.32,255.05 37.89,255.05 Q42.65,255.22 48.00,254.37 Q53.36,253.52 57.77,252.33 L86.15,244.86 L100.59,240.95","track":[[32.794921875,261],[46.8984375,263.37890625],[131.349609375,236.701171875]],"r":23.30357142857143},{"d":"M185.38,117.93 L184.88,119.46 Q183.69,122.68 181.99,123.28 Q180.29,123.87 177.91,122.00 Q176.04,120.81 174.34,117.93 Q172.64,115.04 172.13,111.30 L167.71,85.30 Q166.69,79.52 165.16,76.55 Q163.63,73.58 161.00,71.37 Q158.37,69.16 157.35,67.88 Q156.33,66.61 156.84,65.00 Q157.35,63.38 161.26,63.04 Q161.60,63.04 167.03,63.89 L175.02,65.42 L180.12,73.75 L184.03,107.22 L185.38,117.93","track":[[165.50390625,67.458984375],[180.45703125,118.9453125]],"r":23.30357142857143},{"d":"M175.02,65.42 Q187.93,64.23 202.38,62.79 Q216.82,61.34 230.58,59.30 Q244.35,57.26 256.75,55.05 Q269.16,52.85 275.61,50.89 Q282.07,48.94 284.79,49.28 Q286.15,49.62 291.59,52.17 Q297.02,54.71 299.23,55.90 Q301.44,57.09 305.77,61.00 Q310.11,64.91 309.77,66.61 Q309.43,67.63 307.98,69.07 Q306.54,70.52 304.58,72.73 Q302.63,74.94 300.76,77.31 Q298.89,79.69 295.49,85.81 L284.11,106.03 Q280.54,112.49 277.14,115.72 Q273.74,118.95 270.69,117.59 Q268.48,116.91 267.97,115.04 L265.93,110.79 L270.35,102.46 Q272.89,95.16 274.00,91.84 Q275.10,88.53 277.57,80.80 Q280.03,73.07 279.95,70.18 Q279.86,67.29 278.50,65.76 Q277.14,64.23 272.72,64.57 L248.94,66.61 L237.72,67.97 L214.61,70.18 L199.32,71.88 L180.12,73.75 L175.02,65.42","track":[[182.326171875,69.66796875],[278.671875,50.126953125],[297.36328125,56.244140625],[272.384765625,112.1484375]],"r":23.30357142857143},{"d":"M206.46,104.84 L203.91,89.04 Q201.70,76.46 201.02,74.94 L199.32,71.88 L214.61,70.18 Q217.16,71.54 218.09,72.64 Q219.03,73.75 219.28,74.85 Q219.54,75.96 218.86,78.93 Q218.18,81.90 218.18,85.47 L217.67,104.50 Q213.76,119.96 206.46,104.84","track":[[209.513671875,74.0859375],[211.72265625,101.953125]],"r":23.30357142857143},{"d":"M236.36,102.12 L237.89,86.32 Q238.57,78.67 238.49,76.29 Q238.40,73.92 238.23,71.88 L237.72,67.97 L248.94,66.61 Q251.48,68.31 253.35,69.50 Q255.22,70.69 256.41,72.47 Q257.60,74.26 257.43,75.79 Q257.26,76.97 255.22,79.35 Q253.18,81.73 252.16,84.45 L245.37,100.59 Q235.77,115.80 236.36,102.12","track":[[246.38671875,71.876953125],[241.798828125,97.365234375]],"r":23.30357142857143},{"d":"M265.93,110.79 L185.38,117.93 L184.03,107.22 L206.46,104.84 L217.67,104.50 L236.36,102.12 L245.37,100.59 L257.94,98.89 Q261.85,98.38 264.91,99.91 L270.35,102.46 L265.93,110.79","track":[[191.33203125,111.46875],[262.69921875,107.05078125]],"r":23.30357142857143},{"d":"M178.76,178.25 Q176.38,178.93 175.36,179.10 L169.24,180.80 Q161.26,183.01 157.86,185.38 Q154.46,187.76 152.84,187.85 Q151.23,187.93 149.53,186.06 Q148.34,185.04 146.73,181.90 Q145.11,178.76 144.60,176.46 Q144.09,174.17 144.77,172.81 Q145.11,172.13 147.92,170.35 Q150.72,168.56 152.93,165.76 Q155.14,162.96 159.22,157.09 Q163.29,151.23 165.25,148.17 Q167.20,145.11 168.22,142.82 Q169.24,140.53 171.28,135.34 Q173.32,130.16 173.83,127.61 Q174.34,125.06 175.27,124.30 Q176.21,123.53 179.61,125.06 Q180.80,125.74 184.20,128.55 Q187.59,131.35 189.97,134.49 Q192.35,137.64 191.50,138.91 Q190.65,140.19 188.44,141.80 Q186.23,143.41 184.71,145.11 L164.65,167.20 Q160.58,171.79 161.17,172.39 Q161.77,172.98 164.65,172.64 L185.38,170.43 Q195.67,166.69 178.76,178.25","track":[[182.15625,132.5390625],[150.890625,162.4453125],[150.380859375,186.9140625],[190.822265625,171.451171875]],